Country,Year,wood_removal_cubic_meters
Afghanistan,1990,2160000.0
Afghanistan,1991,2210000.0
Afghanistan,1992,2290000.0
Afghanistan,1993,2400000.0
Afghanistan,1994,2510000.0
Afghanistan,1995,2610000.0
Afghanistan,1996,2720000.0
Afghanistan,1997,2810000.0
Afghanistan,1998,2880000.0
Afghanistan,1999,2970000.0
Afghanistan,2000,3040000.0
Afghanistan,2001,3070000.0
Afghanistan,2002,3110000.0
Afghanistan,2003,3150000.0
Afghanistan,2004,3190000.0
Afghanistan,2005,3230000.0
Afghanistan,2006,3260000.0
Afghanistan,2007,3290000.0
Afghanistan,2008,3320000.0
Afghanistan,2009,3360000.0
Afghanistan,2010,3400000.0
Afghanistan,2011,3400000.0
Albania,1990,2080000.0
Albania,1991,2560000.0
Albania,1992,2560000.0
Albania,1993,595000.0
Albania,1994,409000.0
Albania,1995,409000.0
Albania,1996,409000.0
Albania,1997,409000.0
Albania,1998,27700.0
Albania,1999,230000.0
Albania,2000,447000.0
Albania,2001,265000.0
Albania,2002,305000.0
Albania,2003,296000.0
Albania,2004,296000.0
Albania,2005,296000.0
Albania,2006,296000.0
Albania,2007,430000.0
Albania,2008,430000.0
Albania,2009,430000.0
Albania,2010,430000.0
Albania,2011,430000.0
Algeria,1990,124000.0
Algeria,1991,172000.0
Algeria,1992,139000.0
Algeria,1993,239000.0
Algeria,1994,166000.0
Algeria,1995,194000.0
Algeria,1996,190000.0
Algeria,1997,203000.0
Algeria,1998,222000.0
Algeria,1999,202000.0
Algeria,2000,186000.0
Algeria,2001,130000.0
Algeria,2002,121000.0
Algeria,2003,164000.0
Algeria,2004,184000.0
Algeria,2005,141000.0
Algeria,2006,141000.0
Algeria,2007,152000.0
Algeria,2008,121000.0
Algeria,2009,139000.0
Algeria,2010,135000.0
Algeria,2011,119000.0
Andorra,1990,0.0
Andorra,1991,0.0
Andorra,1992,0.0
Andorra,1993,0.0
Andorra,1994,0.0
Andorra,1995,0.0
Andorra,1996,0.0
Andorra,1997,0.0
Andorra,1998,0.0
Andorra,1999,0.0
Andorra,2000,0.0
Andorra,2001,0.0
Andorra,2002,0.0
Andorra,2003,0.0
Andorra,2004,0.0
Andorra,2005,0.0
Andorra,2006,0.0
Andorra,2007,0.0
Andorra,2008,0.0
Andorra,2009,0.0
Andorra,2010,0.0
Andorra,2011,0.0
Angola,1990,3190000.0
Angola,1991,3280000.0
Angola,1992,3380000.0
Angola,1993,3670000.0
Angola,1994,3750000.0
Angola,1995,3780000.0
Angola,1996,3840000.0
Angola,1997,3930000.0
Angola,1998,4050000.0
Angola,1999,4170000.0
Angola,2000,4260000.0
Angola,2001,4340000.0
Angola,2002,4420000.0
Angola,2003,4500000.0
Angola,2004,4580000.0
Angola,2005,4670000.0
Angola,2006,4750000.0
Angola,2007,4840000.0
Angola,2008,4920000.0
Angola,2009,5010000.0
Angola,2010,5110000.0
Angola,2011,5200000.0
Argentina,1990,10200000.0
Argentina,1991,10400000.0
Argentina,1992,11700000.0
Argentina,1993,10300000.0
Argentina,1994,10800000.0
Argentina,1995,11600000.0
Argentina,1996,11500000.0
Argentina,1997,11500000.0
Argentina,1998,12300000.0
Argentina,1999,9860000.0
Argentina,2000,10700000.0
Argentina,2001,9540000.0
Argentina,2002,11500000.0
Argentina,2003,13000000.0
Argentina,2004,15000000.0
Argentina,2005,14300000.0
Argentina,2006,14000000.0
Argentina,2007,13700000.0
Argentina,2008,13100000.0
Argentina,2009,14100000.0
Argentina,2010,15000000.0
Argentina,2011,15200000.0
Armenia,1990,
Armenia,1991,
Armenia,1992,
Armenia,1993,
Armenia,1994,
Armenia,1995,
Armenia,1996,
Armenia,1997,62200.0
Armenia,1998,
Armenia,1999,
Armenia,2000,72200.0
Armenia,2001,62200.0
Armenia,2002,68900.0
Armenia,2003,75600.0
Armenia,2004,75000.0
Armenia,2005,54100.0
Armenia,2006,60300.0
Armenia,2007,45200.0
Armenia,2008,38600.0
Armenia,2009,51400.0
Armenia,2010,38500.0
Armenia,2011,35200.0
Australia,1990,20800000.0
Australia,1991,20400000.0
Australia,1992,20700000.0
Australia,1993,21900000.0
Australia,1994,23300000.0
Australia,1995,24300000.0
Australia,1996,24400000.0
Australia,1997,27000000.0
Australia,1998,28100000.0
Australia,1999,27700000.0
Australia,2000,31200000.0
Australia,2001,31100000.0
Australia,2002,29700000.0
Australia,2003,31600000.0
Australia,2004,31900000.0
Australia,2005,31900000.0
Australia,2006,31800000.0
Australia,2007,32300000.0
Australia,2008,33300000.0
Australia,2009,30300000.0
Australia,2010,30400000.0
Australia,2011,31300000.0
Austria,1990,15700000.0
Austria,1991,11500000.0
Austria,1992,12200000.0
Austria,1993,12300000.0
Austria,1994,14400000.0
Austria,1995,13800000.0
Austria,1996,15000000.0
Austria,1997,14700000.0
Austria,1998,14000000.0
Austria,1999,14100000.0
Austria,2000,13300000.0
Austria,2001,13500000.0
Austria,2002,14800000.0
Austria,2003,17100000.0
Austria,2004,16500000.0
Austria,2005,16500000.0
Austria,2006,19100000.0
Austria,2007,21300000.0
Austria,2008,21800000.0
Austria,2009,16700000.0
Austria,2010,17800000.0
Austria,2011,18700000.0
Azerbaijan,1990,
Azerbaijan,1991,
Azerbaijan,1992,
Azerbaijan,1993,
Azerbaijan,1994,
Azerbaijan,1995,
Azerbaijan,1996,
Azerbaijan,1997,
Azerbaijan,1998,12600.0
Azerbaijan,1999,12600.0
Azerbaijan,2000,13500.0
Azerbaijan,2001,13500.0
Azerbaijan,2002,52800.0
Azerbaijan,2003,6500.0
Azerbaijan,2004,6500.0
Azerbaijan,2005,6500.0
Azerbaijan,2006,6500.0
Azerbaijan,2007,6500.0
Azerbaijan,2008,6500.0
Azerbaijan,2009,6500.0
Azerbaijan,2010,6500.0
Azerbaijan,2011,6500.0
Bahamas,1990,144000.0
Bahamas,1991,144000.0
Bahamas,1992,145000.0
Bahamas,1993,146000.0
Bahamas,1994,147000.0
Bahamas,1995,147000.0
Bahamas,1996,147000.0
Bahamas,1997,147000.0
Bahamas,1998,47600.0
Bahamas,1999,47900.0
Bahamas,2000,48100.0
Bahamas,2001,48300.0
Bahamas,2002,48600.0
Bahamas,2003,48800.0
Bahamas,2004,49000.0
Bahamas,2005,49300.0
Bahamas,2006,49400.0
Bahamas,2007,49600.0
Bahamas,2008,49700.0
Bahamas,2009,49900.0
Bahamas,2010,49900.0
Bahamas,2011,50200.0
Bahrain,1990,4290.0
Bahrain,1991,4410.0
Bahrain,1992,4500.0
Bahrain,1993,4600.0
Bahrain,1994,3280.0
Bahrain,1995,3420.0
Bahrain,1996,4980.0
Bahrain,1997,5100.0
Bahrain,1998,5270.0
Bahrain,1999,5430.0
Bahrain,2000,5590.0
Bahrain,2001,5700.0
Bahrain,2002,5810.0
Bahrain,2003,5930.0
Bahrain,2004,6050.0
Bahrain,2005,6160.0
Bahrain,2006,6250.0
Bahrain,2007,6330.0
Bahrain,2008,6420.0
Bahrain,2009,6510.0
Bahrain,2010,6600.0
Bahrain,2011,6680.0
Bangladesh,1990,28400000.0
Bangladesh,1991,28600000.0
Bangladesh,1992,28600000.0
Bangladesh,1993,28600000.0
Bangladesh,1994,28600000.0
Bangladesh,1995,28500000.0
Bangladesh,1996,28500000.0
Bangladesh,1997,28500000.0
Bangladesh,1998,28500000.0
Bangladesh,1999,28500000.0
Bangladesh,2000,28500000.0
Bangladesh,2001,28400000.0
Bangladesh,2002,28000000.0
Bangladesh,2003,28000000.0
Bangladesh,2004,28000000.0
Bangladesh,2005,27900000.0
Bangladesh,2006,27900000.0
Bangladesh,2007,27800000.0
Bangladesh,2008,27700000.0
Bangladesh,2009,27600000.0
Bangladesh,2010,27600000.0
Bangladesh,2011,27600000.0
Barbados,1990,5660.0
Barbados,1991,5690.0
Barbados,1992,6760.0
Barbados,1993,10700.0
Barbados,1994,10700.0
Barbados,1995,10700.0
Barbados,1996,10200.0
Barbados,1997,9910.0
Barbados,1998,9840.0
Barbados,1999,9580.0
Barbados,2000,10400.0
Barbados,2001,10400.0
Barbados,2002,10300.0
Barbados,2003,10300.0
Barbados,2004,10300.0
Barbados,2005,11200.0
Barbados,2006,11200.0
Barbados,2007,11100.0
Barbados,2008,11100.0
Barbados,2009,11000.0
Barbados,2010,11000.0
Barbados,2011,11000.0
Belarus,1990,
Belarus,1991,
Belarus,1992,11400000.0
Belarus,1993,10000000.0
Belarus,1994,10000000.0
Belarus,1995,10000000.0
Belarus,1996,15700000.0
Belarus,1997,17600000.0
Belarus,1998,5900000.0
Belarus,1999,6560000.0
Belarus,2000,6140000.0
Belarus,2001,6490000.0
Belarus,2002,6950000.0
Belarus,2003,7540000.0
Belarus,2004,8620000.0
Belarus,2005,8700000.0
Belarus,2006,8760000.0
Belarus,2007,8760000.0
Belarus,2008,8760000.0
Belarus,2009,8810000.0
Belarus,2010,10400000.0
Belarus,2011,10400000.0
Belgium,1990,6350000.0
Belgium,1991,2450000.0
Belgium,1992,2890000.0
Belgium,1993,3460000.0
Belgium,1994,3810000.0
Belgium,1995,3500000.0
Belgium,1996,3400000.0
Belgium,1997,3450000.0
Belgium,1998,3080000.0
Belgium,1999,3130000.0
Belgium,2000,2530000.0
Belgium,2001,3330000.0
Belgium,2002,4670000.0
Belgium,2003,4620000.0
Belgium,2004,4220000.0
Belgium,2005,3950000.0
Belgium,2006,3780000.0
Belgium,2007,3850000.0
Belgium,2008,3730000.0
Belgium,2009,3590000.0
Belgium,2010,4000000.0
Belgium,2011,3680000.0
Belize,1990,188000.0
Belize,1991,188000.0
Belize,1992,188000.0
Belize,1993,188000.0
Belize,1994,188000.0
Belize,1995,188000.0
Belize,1996,188000.0
Belize,1997,188000.0
Belize,1998,188000.0
Belize,1999,188000.0
Belize,2000,188000.0
Belize,2001,188000.0
Belize,2002,188000.0
Belize,2003,188000.0
Belize,2004,188000.0
Belize,2005,188000.0
Belize,2006,155000.0
Belize,2007,167000.0
Belize,2008,167000.0
Belize,2009,167000.0
Belize,2010,167000.0
Belize,2011,167000.0
Benin,1990,5850000.0
Benin,1991,5930000.0
Benin,1992,5970000.0
Benin,1993,6040000.0
Benin,1994,6090000.0
Benin,1995,6130000.0
Benin,1996,6160000.0
Benin,1997,6210000.0
Benin,1998,6210000.0
Benin,1999,6230000.0
Benin,2000,6240000.0
Benin,2001,6290000.0
Benin,2002,6350000.0
Benin,2003,6380000.0
Benin,2004,6410000.0
Benin,2005,6450000.0
Benin,2006,6610000.0
Benin,2007,6570000.0
Benin,2008,6610000.0
Benin,2009,6660000.0
Benin,2010,6700000.0
Benin,2011,6700000.0
Bhutan,1990,3900000.0
Bhutan,1991,3930000.0
Bhutan,1992,3950000.0
Bhutan,1993,3940000.0
Bhutan,1994,3940000.0
Bhutan,1995,3930000.0
Bhutan,1996,3960000.0
Bhutan,1997,4020000.0
Bhutan,1998,4110000.0
Bhutan,1999,4280000.0
Bhutan,2000,4350000.0
Bhutan,2001,4420000.0
Bhutan,2002,4480000.0
Bhutan,2003,4550000.0
Bhutan,2004,4610000.0
Bhutan,2005,4680000.0
Bhutan,2006,4740000.0
Bhutan,2007,4960000.0
Bhutan,2008,4980000.0
Bhutan,2009,4970000.0
Bhutan,2010,5040000.0
Bhutan,2011,5030000.0
Bolivia,1990,2290000.0
Bolivia,1991,2400000.0
Bolivia,1992,2560000.0
Bolivia,1993,2730000.0
Bolivia,1994,2880000.0
Bolivia,1995,2870000.0
Bolivia,1996,2940000.0
Bolivia,1997,2960000.0
Bolivia,1998,2910000.0
Bolivia,1999,2620000.0
Bolivia,2000,2610000.0
Bolivia,2001,2720000.0
Bolivia,2002,2730000.0
Bolivia,2003,2860000.0
Bolivia,2004,2960000.0
Bolivia,2005,3060000.0
Bolivia,2006,3180000.0
Bolivia,2007,3200000.0
Bolivia,2008,3220000.0
Bolivia,2009,3240000.0
Bolivia,2010,3260000.0
Bolivia,2011,3280000.0
Bosnia and Herzegovina,1990,
Bosnia and Herzegovina,1991,
Bosnia and Herzegovina,1992,40000.0
Bosnia and Herzegovina,1993,40000.0
Bosnia and Herzegovina,1994,40000.0
Bosnia and Herzegovina,1995,40000.0
Bosnia and Herzegovina,1996,40000.0
Bosnia and Herzegovina,1997,4000000.0
Bosnia and Herzegovina,1998,4130000.0
Bosnia and Herzegovina,1999,4130000.0
Bosnia and Herzegovina,2000,4280000.0
Bosnia and Herzegovina,2001,3820000.0
Bosnia and Herzegovina,2002,4220000.0
Bosnia and Herzegovina,2003,4100000.0
Bosnia and Herzegovina,2004,3990000.0
Bosnia and Herzegovina,2005,3810000.0
Bosnia and Herzegovina,2006,4110000.0
Bosnia and Herzegovina,2007,3750000.0
Bosnia and Herzegovina,2008,4010000.0
Bosnia and Herzegovina,2009,3430000.0
Bosnia and Herzegovina,2010,3620000.0
Bosnia and Herzegovina,2011,3850000.0
Botswana,1990,687000.0
Botswana,1991,689000.0
Botswana,1992,692000.0
Botswana,1993,705000.0
Botswana,1994,712000.0
Botswana,1995,721000.0
Botswana,1996,726000.0
Botswana,1997,732000.0
Botswana,1998,731000.0
Botswana,1999,736000.0
Botswana,2000,740000.0
Botswana,2001,745000.0
Botswana,2002,750000.0
Botswana,2003,755000.0
Botswana,2004,760000.0
Botswana,2005,766000.0
Botswana,2006,770000.0
Botswana,2007,774000.0
Botswana,2008,779000.0
Botswana,2009,784000.0
Botswana,2010,788000.0
Botswana,2011,791000.0
Brazil,1990,266000000.0
Brazil,1991,218000000.0
Brazil,1992,224000000.0
Brazil,1993,232000000.0
Brazil,1994,242000000.0
Brazil,1995,235000000.0
Brazil,1996,229000000.0
Brazil,1997,184000000.0
Brazil,1998,185000000.0
Brazil,1999,176000000.0
Brazil,2000,183000000.0
Brazil,2001,170000000.0
Brazil,2002,190000000.0
Brazil,2003,201000000.0
Brazil,2004,189000000.0
Brazil,2005,266000000.0
Brazil,2006,218000000.0
Brazil,2007,224000000.0
Brazil,2008,232000000.0
Brazil,2009,242000000.0
Brazil,2010,235000000.0
Brazil,2011,229000000.0
Bulgaria,1990,4090000.0
Bulgaria,1991,3650000.0
Bulgaria,1992,3550000.0
Bulgaria,1993,3550000.0
Bulgaria,1994,2690000.0
Bulgaria,1995,2840000.0
Bulgaria,1996,3210000.0
Bulgaria,1997,3040000.0
Bulgaria,1998,3230000.0
Bulgaria,1999,4350000.0
Bulgaria,2000,4780000.0
Bulgaria,2001,3990000.0
Bulgaria,2002,4830000.0
Bulgaria,2003,5390000.0
Bulgaria,2004,5990000.0
Bulgaria,2005,5860000.0
Bulgaria,2006,5990000.0
Bulgaria,2007,5700000.0
Bulgaria,2008,6070000.0
Bulgaria,2009,4600000.0
Bulgaria,2010,5670000.0
Bulgaria,2011,6210000.0
Burkina Faso,1990,9640000.0
Burkina Faso,1991,9770000.0
Burkina Faso,1992,10000000.0
Burkina Faso,1993,10300000.0
Burkina Faso,1994,10600000.0
Burkina Faso,1995,10800000.0
Burkina Faso,1996,11000000.0
Burkina Faso,1997,11100000.0
Burkina Faso,1998,11300000.0
Burkina Faso,1999,7820000.0
Burkina Faso,2000,8060000.0
Burkina Faso,2001,8310000.0
Burkina Faso,2002,8570000.0
Burkina Faso,2003,8830000.0
Burkina Faso,2004,9110000.0
Burkina Faso,2005,9400000.0
Burkina Faso,2006,9700000.0
Burkina Faso,2007,10000000.0
Burkina Faso,2008,10400000.0
Burkina Faso,2009,10700000.0
Burkina Faso,2010,11100000.0
Burkina Faso,2011,11400000.0
Burundi,1990,6460000.0
Burundi,1991,6530000.0
Burundi,1992,6610000.0
Burundi,1993,6800000.0
Burundi,1994,7090000.0
Burundi,1995,7370000.0
Burundi,1996,7710000.0
Burundi,1997,7890000.0
Burundi,1998,8080000.0
Burundi,1999,5940000.0
Burundi,2000,6190000.0
Burundi,2001,8720000.0
Burundi,2002,8860000.0
Burundi,2003,9090000.0
Burundi,2004,9240000.0
Burundi,2005,9420000.0
Burundi,2006,9560000.0
Burundi,2007,9710000.0
Burundi,2008,9850000.0
Burundi,2009,9990000.0
Burundi,2010,10700000.0
Burundi,2011,10900000.0
Cambodia,1990,11800000.0
Cambodia,1991,11900000.0
Cambodia,1992,11800000.0
Cambodia,1993,11800000.0
Cambodia,1994,12100000.0
Cambodia,1995,12000000.0
Cambodia,1996,11900000.0
Cambodia,1997,11800000.0
Cambodia,1998,11600000.0
Cambodia,1999,11200000.0
Cambodia,2000,10300000.0
Cambodia,2001,10000000.0
Cambodia,2002,9860000.0
Cambodia,2003,9680000.0
Cambodia,2004,9510000.0
Cambodia,2005,9330000.0
Cambodia,2006,9170000.0
Cambodia,2007,9010000.0
Cambodia,2008,8850000.0
Cambodia,2009,8700000.0
Cambodia,2010,8530000.0
Cambodia,2011,8610000.0
Cameroon,1990,10800000.0
Cameroon,1991,11000000.0
Cameroon,1992,11000000.0
Cameroon,1993,11300000.0
Cameroon,1994,11900000.0
Cameroon,1995,12300000.0
Cameroon,1996,12600000.0
Cameroon,1997,12200000.0
Cameroon,1998,11100000.0
Cameroon,1999,10900000.0
Cameroon,2000,11000000.0
Cameroon,2001,10500000.0
Cameroon,2002,10600000.0
Cameroon,2003,11000000.0
Cameroon,2004,11200000.0
Cameroon,2005,11300000.0
Cameroon,2006,12200000.0
Cameroon,2007,12300000.0
Cameroon,2008,12300000.0
Cameroon,2009,12000000.0
Cameroon,2010,12100000.0
Cameroon,2011,12100000.0
Canada,1990,163000000.0
Canada,1991,161000000.0
Canada,1992,170000000.0
Canada,1993,176000000.0
Canada,1994,183000000.0
Canada,1995,188000000.0
Canada,1996,183000000.0
Canada,1997,189000000.0
Canada,1998,177000000.0
Canada,1999,198000000.0
Canada,2000,202000000.0
Canada,2001,186000000.0
Canada,2002,196000000.0
Canada,2003,181000000.0
Canada,2004,208000000.0
Canada,2005,203000000.0
Canada,2006,184000000.0
Canada,2007,165000000.0
Canada,2008,139000000.0
Canada,2009,117000000.0
Canada,2010,142000000.0
Canada,2011,150000000.0
Cape Verde,1990,99800.0
Cape Verde,1991,103000.0
Cape Verde,1992,108000.0
Cape Verde,1993,113000.0
Cape Verde,1994,118000.0
Cape Verde,1995,122000.0
Cape Verde,1996,127000.0
Cape Verde,1997,132000.0
Cape Verde,1998,137000.0
Cape Verde,1999,142000.0
Cape Verde,2000,147000.0
Cape Verde,2001,152000.0
Cape Verde,2002,157000.0
Cape Verde,2003,162000.0
Cape Verde,2004,167000.0
Cape Verde,2005,172000.0
Cape Verde,2006,176000.0
Cape Verde,2007,180000.0
Cape Verde,2008,185000.0
Cape Verde,2009,189000.0
Cape Verde,2010,193000.0
Cape Verde,2011,197000.0
Central African Republic,1990,3480000.0
Central African Republic,1991,3430000.0
Central African Republic,1992,3730000.0
Central African Republic,1993,3690000.0
Central African Republic,1994,3580000.0
Central African Republic,1995,3610000.0
Central African Republic,1996,3200000.0
Central African Republic,1997,3450000.0
Central African Republic,1998,3520000.0
Central African Republic,1999,2860000.0
Central African Republic,2000,2960000.0
Central African Republic,2001,3000000.0
Central African Republic,2002,2920000.0
Central African Republic,2003,2780000.0
Central African Republic,2004,2830000.0
Central African Republic,2005,2930000.0
Central African Republic,2006,2850000.0
Central African Republic,2007,2840000.0
Central African Republic,2008,2840000.0
Central African Republic,2009,2660000.0
Central African Republic,2010,2630000.0
Central African Republic,2011,2730000.0
Chad,1990,5170000.0
Chad,1991,5270000.0
Chad,1992,5420000.0
Chad,1993,5630000.0
Chad,1994,5770000.0
Chad,1995,5880000.0
Chad,1996,6030000.0
Chad,1997,6170000.0
Chad,1998,6340000.0
Chad,1999,6500000.0
Chad,2000,6650000.0
Chad,2001,6760000.0
Chad,2002,6880000.0
Chad,2003,7000000.0
Chad,2004,7120000.0
Chad,2005,7250000.0
Chad,2006,7360000.0
Chad,2007,7470000.0
Chad,2008,7590000.0
Chad,2009,7710000.0
Chad,2010,7830000.0
Chad,2011,7830000.0
Chile,1990,22100000.0
Chile,1991,24500000.0
Chile,1992,28400000.0
Chile,1993,29900000.0
Chile,1994,31100000.0
Chile,1995,34600000.0
Chile,1996,29800000.0
Chile,1997,30000000.0
Chile,1998,31700000.0
Chile,1999,34000000.0
Chile,2000,36600000.0
Chile,2001,37800000.0
Chile,2002,37800000.0
Chile,2003,37000000.0
Chile,2004,42600000.0
Chile,2005,45600000.0
Chile,2006,46700000.0
Chile,2007,52600000.0
Chile,2008,54800000.0
Chile,2009,51000000.0
Chile,2010,47200000.0
Chile,2011,55100000.0
China,1990,51100000.0
China,1991,52900000.0
China,1992,56300000.0
China,1993,58600000.0
China,1994,60100000.0
China,1995,62500000.0
China,1996,60700000.0
China,1997,59400000.0
China,1998,55600000.0
China,1999,48500000.0
China,2000,44000000.0
China,2001,42000000.0
China,2002,41300000.0
China,2003,43200000.0
China,2004,47100000.0
China,2005,50200000.0
China,2006,61100000.0
China,2007,64900000.0
China,2008,73600000.0
China,2009,64800000.0
China,2010,75100000.0
China,2011,74500000.0
Colombia,1990,10400000.0
Colombia,1991,10500000.0
Colombia,1992,9750000.0
Colombia,1993,9630000.0
Colombia,1994,9510000.0
Colombia,1995,9500000.0
Colombia,1996,9540000.0
Colombia,1997,9570000.0
Colombia,1998,10100000.0
Colombia,1999,10600000.0
Colombia,2000,13100000.0
Colombia,2001,12500000.0
Colombia,2002,11600000.0
Colombia,2003,12000000.0
Colombia,2004,10500000.0
Colombia,2005,11900000.0
Colombia,2006,10500000.0
Colombia,2007,10400000.0
Colombia,2008,11100000.0
Colombia,2009,11200000.0
Colombia,2010,11200000.0
Colombia,2011,11200000.0
Comoros,1990,145000.0
Comoros,1991,150000.0
Comoros,1992,157000.0
Comoros,1993,163000.0
Comoros,1994,169000.0
Comoros,1995,193000.0
Comoros,1996,202000.0
Comoros,1997,207000.0
Comoros,1998,213000.0
Comoros,1999,219000.0
Comoros,2000,226000.0
Comoros,2001,232000.0
Comoros,2002,238000.0
Comoros,2003,244000.0
Comoros,2004,250000.0
Comoros,2005,257000.0
Comoros,2006,263000.0
Comoros,2007,270000.0
Comoros,2008,276000.0
Comoros,2009,283000.0
Comoros,2010,291000.0
Comoros,2011,297000.0
"Congo, Dem. Rep.",1990,47200000.0
"Congo, Dem. Rep.",1991,49800000.0
"Congo, Dem. Rep.",1992,52900000.0
"Congo, Dem. Rep.",1993,57000000.0
"Congo, Dem. Rep.",1994,60100000.0
"Congo, Dem. Rep.",1995,62100000.0
"Congo, Dem. Rep.",1996,63700000.0
"Congo, Dem. Rep.",1997,64900000.0
"Congo, Dem. Rep.",1998,66000000.0
"Congo, Dem. Rep.",1999,67200000.0
"Congo, Dem. Rep.",2000,68500000.0
"Congo, Dem. Rep.",2001,69700000.0
"Congo, Dem. Rep.",2002,71000000.0
"Congo, Dem. Rep.",2003,72400000.0
"Congo, Dem. Rep.",2004,73900000.0
"Congo, Dem. Rep.",2005,75300000.0
"Congo, Dem. Rep.",2006,76500000.0
"Congo, Dem. Rep.",2007,77800000.0
"Congo, Dem. Rep.",2008,78900000.0
"Congo, Dem. Rep.",2009,80000000.0
"Congo, Dem. Rep.",2010,81200000.0
"Congo, Dem. Rep.",2011,81200000.0
"Congo, Rep.",1990,2570000.0
"Congo, Rep.",1991,2150000.0
"Congo, Rep.",1992,2320000.0
"Congo, Rep.",1993,2350000.0
"Congo, Rep.",1994,2360000.0
"Congo, Rep.",1995,2540000.0
"Congo, Rep.",1996,2250000.0
"Congo, Rep.",1997,2750000.0
"Congo, Rep.",1998,2670000.0
"Congo, Rep.",1999,2390000.0
"Congo, Rep.",2000,2520000.0
"Congo, Rep.",2001,2800000.0
"Congo, Rep.",2002,3100000.0
"Congo, Rep.",2003,3280000.0
"Congo, Rep.",2004,3460000.0
"Congo, Rep.",2005,3550000.0
"Congo, Rep.",2006,3590000.0
"Congo, Rep.",2007,3710000.0
"Congo, Rep.",2008,3730000.0
"Congo, Rep.",2009,3310000.0
"Congo, Rep.",2010,3380000.0
"Congo, Rep.",2011,3550000.0
Costa Rica,1990,4530000.0
Costa Rica,1991,4480000.0
Costa Rica,1992,4600000.0
Costa Rica,1993,4620000.0
Costa Rica,1994,5090000.0
Costa Rica,1995,5150000.0
Costa Rica,1996,5180000.0
Costa Rica,1997,5180000.0
Costa Rica,1998,4600000.0
Costa Rica,1999,4380000.0
Costa Rica,2000,4470000.0
Costa Rica,2001,4670000.0
Costa Rica,2002,4450000.0
Costa Rica,2003,4410000.0
Costa Rica,2004,4520000.0
Costa Rica,2005,4700000.0
Costa Rica,2006,4800000.0
Costa Rica,2007,5000000.0
Costa Rica,2008,4870000.0
Costa Rica,2009,4680000.0
Costa Rica,2010,4700000.0
Costa Rica,2011,4700000.0
Cote d'Ivoire,1990,11100000.0
Cote d'Ivoire,1991,10800000.0
Cote d'Ivoire,1992,10900000.0
Cote d'Ivoire,1993,11200000.0
Cote d'Ivoire,1994,11900000.0
Cote d'Ivoire,1995,11900000.0
Cote d'Ivoire,1996,11700000.0
Cote d'Ivoire,1997,11600000.0
Cote d'Ivoire,1998,11800000.0
Cote d'Ivoire,1999,11700000.0
Cote d'Ivoire,2000,11900000.0
Cote d'Ivoire,2001,11200000.0
Cote d'Ivoire,2002,10700000.0
Cote d'Ivoire,2003,10200000.0
Cote d'Ivoire,2004,10300000.0
Cote d'Ivoire,2005,10000000.0
Cote d'Ivoire,2006,10100000.0
Cote d'Ivoire,2007,10300000.0
Cote d'Ivoire,2008,10300000.0
Cote d'Ivoire,2009,10400000.0
Cote d'Ivoire,2010,10400000.0
Cote d'Ivoire,2011,10400000.0
Cuba,1990,3200000.0
Cuba,1991,3300000.0
Cuba,1992,3410000.0
Cuba,1993,3540000.0
Cuba,1994,3560000.0
Cuba,1995,3560000.0
Cuba,1996,3520000.0
Cuba,1997,3520000.0
Cuba,1998,3490000.0
Cuba,1999,1590000.0
Cuba,2000,1820000.0
Cuba,2001,1700000.0
Cuba,2002,2780000.0
Cuba,2003,2640000.0
Cuba,2004,2510000.0
Cuba,2005,2580000.0
Cuba,2006,2580000.0
Cuba,2007,2170000.0
Cuba,2008,1910000.0
Cuba,2009,2360000.0
Cuba,2010,1860000.0
Cuba,2011,1860000.0
Cyprus,1990,62800.0
Cyprus,1991,53800.0
Cyprus,1992,45100.0
Cyprus,1993,53100.0
Cyprus,1994,46500.0
Cyprus,1995,48000.0
Cyprus,1996,45100.0
Cyprus,1997,41000.0
Cyprus,1998,35300.0
Cyprus,1999,36500.0
Cyprus,2000,20600.0
Cyprus,2001,18300.0
Cyprus,2002,15400.0
Cyprus,2003,12000.0
Cyprus,2004,10100.0
Cyprus,2005,9700.0
Cyprus,2006,7400.0
Cyprus,2007,19700.0
Cyprus,2008,19800.0
Cyprus,2009,9900.0
Cyprus,2010,9000.0
Cyprus,2011,8500.0
Czech Republic,1990,12800000.0
Czech Republic,1991,10900000.0
Czech Republic,1992,9870000.0
Czech Republic,1993,10100000.0
Czech Republic,1994,12000000.0
Czech Republic,1995,12600000.0
Czech Republic,1996,12600000.0
Czech Republic,1997,13500000.0
Czech Republic,1998,14000000.0
Czech Republic,1999,14200000.0
Czech Republic,2000,14400000.0
Czech Republic,2001,14400000.0
Czech Republic,2002,14500000.0
Czech Republic,2003,15100000.0
Czech Republic,2004,15600000.0
Czech Republic,2005,15500000.0
Czech Republic,2006,17700000.0
Czech Republic,2007,18500000.0
Czech Republic,2008,16200000.0
Czech Republic,2009,15500000.0
Czech Republic,2010,16700000.0
Czech Republic,2011,15400000.0
Denmark,1990,1760000.0
Denmark,1991,1660000.0
Denmark,1992,1670000.0
Denmark,1993,1550000.0
Denmark,1994,1610000.0
Denmark,1995,1680000.0
Denmark,1996,1630000.0
Denmark,1997,1580000.0
Denmark,1998,1490000.0
Denmark,1999,1490000.0
Denmark,2000,3190000.0
Denmark,2001,1560000.0
Denmark,2002,1400000.0
Denmark,2003,1570000.0
Denmark,2004,1620000.0
Denmark,2005,2580000.0
Denmark,2006,2040000.0
Denmark,2007,2220000.0
Denmark,2008,2060000.0
Denmark,2009,2090000.0
Denmark,2010,2310000.0
Denmark,2011,2230000.0
Djibouti,1990,203000.0
Djibouti,1991,213000.0
Djibouti,1992,221000.0
Djibouti,1993,231000.0
Djibouti,1994,240000.0
Djibouti,1995,250000.0
Djibouti,1996,260000.0
Djibouti,1997,270000.0
Djibouti,1998,277000.0
Djibouti,1999,282000.0
Djibouti,2000,293000.0
Djibouti,2001,299000.0
Djibouti,2002,306000.0
Djibouti,2003,312000.0
Djibouti,2004,318000.0
Djibouti,2005,325000.0
Djibouti,2006,331000.0
Djibouti,2007,337000.0
Djibouti,2008,343000.0
Djibouti,2009,349000.0
Djibouti,2010,356000.0
Djibouti,2011,362000.0
Dominica,1990,8600.0
Dominica,1991,8500.0
Dominica,1992,8500.0
Dominica,1993,8400.0
Dominica,1994,8300.0
Dominica,1995,8000.0
Dominica,1996,8000.0
Dominica,1997,8300.0
Dominica,1998,8200.0
Dominica,1999,8200.0
Dominica,2000,8100.0
Dominica,2001,8000.0
Dominica,2002,8000.0
Dominica,2003,7900.0
Dominica,2004,7900.0
Dominica,2005,7800.0
Dominica,2006,7800.0
Dominica,2007,7700.0
Dominica,2008,7600.0
Dominica,2009,7600.0
Dominica,2010,7500.0
Dominica,2011,7500.0
Dominican Republic,1990,
Dominican Republic,1991,
Dominican Republic,1992,
Dominican Republic,1993,
Dominican Republic,1994,
Dominican Republic,1995,
Dominican Republic,1996,
Dominican Republic,1997,
Dominican Republic,1998,
Dominican Republic,1999,
Dominican Republic,2000,
Dominican Republic,2001,
Dominican Republic,2002,96300.0
Dominican Republic,2003,53400.0
Dominican Republic,2004,29100.0
Dominican Republic,2005,21100.0
Dominican Republic,2006,44900.0
Dominican Republic,2007,62100.0
Dominican Republic,2008,87800.0
Dominican Republic,2009,29200.0
Dominican Republic,2010,29000.0
Dominican Republic,2011,6120.0
Ecuador,1990,7180000.0
Ecuador,1991,6790000.0
Ecuador,1992,6980000.0
Ecuador,1993,4700000.0
Ecuador,1994,9360000.0
Ecuador,1995,10700000.0
Ecuador,1996,11300000.0
Ecuador,1997,12100000.0
Ecuador,1998,12000000.0
Ecuador,1999,5880000.0
Ecuador,2000,5910000.0
Ecuador,2001,6230000.0
Ecuador,2002,6300000.0
Ecuador,2003,6320000.0
Ecuador,2004,6630000.0
Ecuador,2005,6650000.0
Ecuador,2006,5840000.0
Ecuador,2007,6080000.0
Ecuador,2008,6020000.0
Ecuador,2009,6860000.0
Ecuador,2010,7040000.0
Ecuador,2011,7060000.0
Egypt,1990,14100000.0
Egypt,1991,14400000.0
Egypt,1992,14700000.0
Egypt,1993,15100000.0
Egypt,1994,15400000.0
Egypt,1995,15500000.0
Egypt,1996,15800000.0
Egypt,1997,16000000.0
Egypt,1998,16100000.0
Egypt,1999,16300000.0
Egypt,2000,16400000.0
Egypt,2001,16600000.0
Egypt,2002,16800000.0
Egypt,2003,16900000.0
Egypt,2004,17100000.0
Egypt,2005,17200000.0
Egypt,2006,17300000.0
Egypt,2007,17400000.0
Egypt,2008,17600000.0
Egypt,2009,17700000.0
Egypt,2010,17800000.0
Egypt,2011,17800000.0
El Salvador,1990,3740000.0
El Salvador,1991,4680000.0
El Salvador,1992,3830000.0
El Salvador,1993,3870000.0
El Salvador,1994,3910000.0
El Salvador,1995,4720000.0
El Salvador,1996,4330000.0
El Salvador,1997,5190000.0
El Salvador,1998,5130000.0
El Salvador,1999,5170000.0
El Salvador,2000,5200000.0
El Salvador,2001,5200000.0
El Salvador,2002,5200000.0
El Salvador,2003,4830000.0
El Salvador,2004,4850000.0
El Salvador,2005,4880000.0
El Salvador,2006,4890000.0
El Salvador,2007,4890000.0
El Salvador,2008,4900000.0
El Salvador,2009,4900000.0
El Salvador,2010,4910000.0
El Salvador,2011,4900000.0
Equatorial Guinea,1990,634000.0
Equatorial Guinea,1991,589000.0
Equatorial Guinea,1992,613000.0
Equatorial Guinea,1993,638000.0
Equatorial Guinea,1994,714000.0
Equatorial Guinea,1995,811000.0
Equatorial Guinea,1996,918000.0
Equatorial Guinea,1997,1200000.0
Equatorial Guinea,1998,869000.0
Equatorial Guinea,1999,1220000.0
Equatorial Guinea,2000,1140000.0
Equatorial Guinea,2001,1080000.0
Equatorial Guinea,2002,1020000.0
Equatorial Guinea,2003,866000.0
Equatorial Guinea,2004,912000.0
Equatorial Guinea,2005,1080000.0
Equatorial Guinea,2006,1050000.0
Equatorial Guinea,2007,972000.0
Equatorial Guinea,2008,972000.0
Equatorial Guinea,2009,972000.0
Equatorial Guinea,2010,972000.0
Equatorial Guinea,2011,972000.0
Eritrea,1990,
Eritrea,1991,
Eritrea,1992,
Eritrea,1993,1730000.0
Eritrea,1994,1790000.0
Eritrea,1995,1850000.0
Eritrea,1996,1920000.0
Eritrea,1997,2000000.0
Eritrea,1998,2080000.0
Eritrea,1999,2160000.0
Eritrea,2000,2250000.0
Eritrea,2001,2290000.0
Eritrea,2002,1270000.0
Eritrea,2003,1270000.0
Eritrea,2004,1270000.0
Eritrea,2005,1270000.0
Eritrea,2006,1270000.0
Eritrea,2007,1270000.0
Eritrea,2008,1270000.0
Eritrea,2009,1270000.0
Eritrea,2010,1270000.0
Eritrea,2011,1270000.0
Estonia,1990,2340000.0
Estonia,1991,3500000.0
Estonia,1992,2440000.0
Estonia,1993,2770000.0
Estonia,1994,4140000.0
Estonia,1995,4560000.0
Estonia,1996,5050000.0
Estonia,1997,7390000.0
Estonia,1998,8030000.0
Estonia,1999,10400000.0
Estonia,2000,10400000.0
Estonia,2001,9800000.0
Estonia,2002,9430000.0
Estonia,2003,8140000.0
Estonia,2004,5720000.0
Estonia,2005,5200000.0
Estonia,2006,4320000.0
Estonia,2007,4280000.0
Estonia,2008,4780000.0
Estonia,2009,5330000.0
Estonia,2010,6830000.0
Estonia,2011,6620000.0
Ethiopia,1990,
Ethiopia,1991,
Ethiopia,1992,
Ethiopia,1993,78500000.0
Ethiopia,1994,80800000.0
Ethiopia,1995,82500000.0
Ethiopia,1996,83700000.0
Ethiopia,1997,85500000.0
Ethiopia,1998,86500000.0
Ethiopia,1999,88200000.0
Ethiopia,2000,89900000.0
Ethiopia,2001,91300000.0
Ethiopia,2002,92700000.0
Ethiopia,2003,94500000.0
Ethiopia,2004,96000000.0
Ethiopia,2005,97400000.0
Ethiopia,2006,98600000.0
Ethiopia,2007,100000000.0
Ethiopia,2008,101000000.0
Ethiopia,2009,103000000.0
Ethiopia,2010,104000000.0
Ethiopia,2011,104000000.0
Finland,1990,43200000.0
Finland,1991,34900000.0
Finland,1992,38500000.0
Finland,1993,42200000.0
Finland,1994,48700000.0
Finland,1995,50200000.0
Finland,1996,46600000.0
Finland,1997,51300000.0
Finland,1998,53700000.0
Finland,1999,53600000.0
Finland,2000,54300000.0
Finland,2001,52200000.0
Finland,2002,53400000.0
Finland,2003,54200000.0
Finland,2004,54400000.0
Finland,2005,52300000.0
Finland,2006,50800000.0
Finland,2007,56600000.0
Finland,2008,50700000.0
Finland,2009,41700000.0
Finland,2010,51000000.0
Finland,2011,50800000.0
France,1990,62600000.0
France,1991,63000000.0
France,1992,62800000.0
France,1993,58900000.0
France,1994,60100000.0
France,1995,60400000.0
France,1996,57400000.0
France,1997,57800000.0
France,1998,57400000.0
France,1999,57000000.0
France,2000,65600000.0
France,2001,59400000.0
France,2002,54400000.0
France,2003,52300000.0
France,2004,52600000.0
France,2005,52200000.0
France,2006,53000000.0
France,2007,54300000.0
France,2008,52400000.0
France,2009,54500000.0
France,2010,55700000.0
France,2011,55200000.0
Gabon,1990,2090000.0
Gabon,1991,1780000.0
Gabon,1992,1990000.0
Gabon,1993,2330000.0
Gabon,1994,2620000.0
Gabon,1995,2790000.0
Gabon,1996,2910000.0
Gabon,1997,3280000.0
Gabon,1998,3280000.0
Gabon,1999,2850000.0
Gabon,2000,3100000.0
Gabon,2001,3100000.0
Gabon,2002,2210000.0
Gabon,2003,4630000.0
Gabon,2004,4570000.0
Gabon,2005,4270000.0
Gabon,2006,4570000.0
Gabon,2007,4470000.0
Gabon,2008,4470000.0
Gabon,2009,4470000.0
Gabon,2010,4470000.0
Gabon,2011,4470000.0
Gambia,1990,521000.0
Gambia,1991,549000.0
Gambia,1992,595000.0
Gambia,1993,621000.0
Gambia,1994,603000.0
Gambia,1995,608000.0
Gambia,1996,608000.0
Gambia,1997,613000.0
Gambia,1998,613000.0
Gambia,1999,618000.0
Gambia,2000,715000.0
Gambia,2001,724000.0
Gambia,2002,733000.0
Gambia,2003,742000.0
Gambia,2004,751000.0
Gambia,2005,760000.0
Gambia,2006,769000.0
Gambia,2007,778000.0
Gambia,2008,788000.0
Gambia,2009,797000.0
Gambia,2010,807000.0
Gambia,2011,816000.0
Georgia,1990,343000.0
Georgia,1991,327000.0
Georgia,1992,230000.0
Georgia,1993,
Georgia,1994,
Georgia,1995,
Georgia,1996,
Georgia,1997,
Georgia,1998,350000.0
Georgia,1999,379000.0
Georgia,2000,432000.0
Georgia,2001,344000.0
Georgia,2002,441000.0
Georgia,2003,450000.0
Georgia,2004,543000.0
Georgia,2005,760000.0
Georgia,2006,641000.0
Georgia,2007,838000.0
Georgia,2008,793000.0
Georgia,2009,697000.0
Georgia,2010,799000.0
Georgia,2011,595000.0
Germany,1990,84700000.0
Germany,1991,33600000.0
Germany,1992,33000000.0
Germany,1993,33200000.0
Germany,1994,39800000.0
Germany,1995,39300000.0
Germany,1996,37000000.0
Germany,1997,38200000.0
Germany,1998,39100000.0
Germany,1999,37600000.0
Germany,2000,53700000.0
Germany,2001,39500000.0
Germany,2002,42400000.0
Germany,2003,51200000.0
Germany,2004,54500000.0
Germany,2005,56900000.0
Germany,2006,62300000.0
Germany,2007,76700000.0
Germany,2008,55400000.0
Germany,2009,48100000.0
Germany,2010,54400000.0
Germany,2011,56100000.0
Ghana,1990,14300000.0
Ghana,1991,12400000.0
Ghana,1992,16300000.0
Ghana,1993,19900000.0
Ghana,1994,22500000.0
Ghana,1995,23500000.0
Ghana,1996,24300000.0
Ghana,1997,25200000.0
Ghana,1998,26100000.0
Ghana,1999,26900000.0
Ghana,2000,21500000.0
Ghana,2001,23700000.0
Ghana,2002,23800000.0
Ghana,2003,20100000.0
Ghana,2004,19000000.0
Ghana,2005,17400000.0
Ghana,2006,15900000.0
Ghana,2007,14400000.0
Ghana,2008,13800000.0
Ghana,2009,13400000.0
Ghana,2010,13000000.0
Ghana,2011,14200000.0
Greece,1990,2490000.0
Greece,1991,2550000.0
Greece,1992,2320000.0
Greece,1993,2220000.0
Greece,1994,2090000.0
Greece,1995,1960000.0
Greece,1996,2010000.0
Greece,1997,1740000.0
Greece,1998,1690000.0
Greece,1999,2210000.0
Greece,2000,2240000.0
Greece,2001,1920000.0
Greece,2002,1590000.0
Greece,2003,1670000.0
Greece,2004,1690000.0
Greece,2005,1520000.0
Greece,2006,1560000.0
Greece,2007,1740000.0
Greece,2008,1740000.0
Greece,2009,1740000.0
Greece,2010,1740000.0
Greece,2011,1740000.0
Guatemala,1990,
Guatemala,1991,
Guatemala,1992,
Guatemala,1993,
Guatemala,1994,
Guatemala,1995,
Guatemala,1996,
Guatemala,1997,
Guatemala,1998,
Guatemala,1999,1200000.0
Guatemala,2000,813000.0
Guatemala,2001,1000000.0
Guatemala,2002,909000.0
Guatemala,2003,733000.0
Guatemala,2004,867000.0
Guatemala,2005,1200000.0
Guatemala,2006,1490000.0
Guatemala,2007,1310000.0
Guatemala,2008,1240000.0
Guatemala,2009,1420000.0
Guatemala,2010,1340000.0
Guatemala,2011,1680000.0
Guinea,1990,10400000.0
Guinea,1991,10900000.0
Guinea,1992,8210000.0
Guinea,1993,8320000.0
Guinea,1994,8560000.0
Guinea,1995,12600000.0
Guinea,1996,12700000.0
Guinea,1997,8650000.0
Guinea,1998,8650000.0
Guinea,1999,12200000.0
Guinea,2000,12100000.0
Guinea,2001,12100000.0
Guinea,2002,12200000.0
Guinea,2003,12200000.0
Guinea,2004,12300000.0
Guinea,2005,12300000.0
Guinea,2006,12400000.0
Guinea,2007,12400000.0
Guinea,2008,12500000.0
Guinea,2009,12600000.0
Guinea,2010,12600000.0
Guinea,2011,12600000.0
Guinea-Bissau,1990,1990000.0
Guinea-Bissau,1991,2020000.0
Guinea-Bissau,1992,2030000.0
Guinea-Bissau,1993,2040000.0
Guinea-Bissau,1994,2060000.0
Guinea-Bissau,1995,2090000.0
Guinea-Bissau,1996,2110000.0
Guinea-Bissau,1997,2140000.0
Guinea-Bissau,1998,2210000.0
Guinea-Bissau,1999,2290000.0
Guinea-Bissau,2000,2360000.0
Guinea-Bissau,2001,2400000.0
Guinea-Bissau,2002,2440000.0
Guinea-Bissau,2003,2470000.0
Guinea-Bissau,2004,2510000.0
Guinea-Bissau,2005,2540000.0
Guinea-Bissau,2006,2580000.0
Guinea-Bissau,2007,2630000.0
Guinea-Bissau,2008,2660000.0
Guinea-Bissau,2009,2690000.0
Guinea-Bissau,2010,2730000.0
Guinea-Bissau,2011,2730000.0
Guyana,1990,1070000.0
Guyana,1991,1060000.0
Guyana,1992,1070000.0
Guyana,1993,1170000.0
Guyana,1994,1310000.0
Guyana,1995,1370000.0
Guyana,1996,1360000.0
Guyana,1997,1460000.0
Guyana,1998,1290000.0
Guyana,1999,1330000.0
Guyana,2000,1170000.0
Guyana,2001,1190000.0
Guyana,2002,1170000.0
Guyana,2003,1210000.0
Guyana,2004,1330000.0
Guyana,2005,1360000.0
Guyana,2006,579000.0
Guyana,2007,607000.0
Guyana,2008,492000.0
Guyana,2009,501000.0
Guyana,2010,506000.0
Guyana,2011,554000.0
Haiti,1990,1870000.0
Haiti,1991,1900000.0
Haiti,1992,1980000.0
Haiti,1993,2010000.0
Haiti,1994,2080000.0
Haiti,1995,2150000.0
Haiti,1996,2160000.0
Haiti,1997,2180000.0
Haiti,1998,2180000.0
Haiti,1999,2190000.0
Haiti,2000,2200000.0
Haiti,2001,2210000.0
Haiti,2002,2220000.0
Haiti,2003,2220000.0
Haiti,2004,2230000.0
Haiti,2005,2240000.0
Haiti,2006,2250000.0
Haiti,2007,2260000.0
Haiti,2008,2260000.0
Haiti,2009,2270000.0
Haiti,2010,2280000.0
Haiti,2011,2290000.0
Holy See,1990,0.0
Holy See,1991,0.0
Holy See,1992,0.0
Holy See,1993,0.0
Holy See,1994,0.0
Holy See,1995,0.0
Holy See,1996,0.0
Holy See,1997,0.0
Holy See,1998,0.0
Holy See,1999,0.0
Holy See,2000,0.0
Holy See,2001,0.0
Holy See,2002,0.0
Holy See,2003,0.0
Holy See,2004,0.0
Holy See,2005,0.0
Holy See,2006,0.0
Holy See,2007,0.0
Holy See,2008,0.0
Holy See,2009,0.0
Holy See,2010,0.0
Holy See,2011,0.0
Honduras,1990,9300000.0
Honduras,1991,9280000.0
Honduras,1992,9110000.0
Honduras,1993,9130000.0
Honduras,1994,9320000.0
Honduras,1995,9110000.0
Honduras,1996,9280000.0
Honduras,1997,9350000.0
Honduras,1998,9450000.0
Honduras,1999,9550000.0
Honduras,2000,9490000.0
Honduras,2001,9550000.0
Honduras,2002,9680000.0
Honduras,2003,9500000.0
Honduras,2004,9620000.0
Honduras,2005,9630000.0
Honduras,2006,9540000.0
Honduras,2007,9460000.0
Honduras,2008,9310000.0
Honduras,2009,9120000.0
Honduras,2010,9100000.0
Honduras,2011,9100000.0
Hungary,1990,5500000.0
Hungary,1991,5310000.0
Hungary,1992,4970000.0
Hungary,1993,4090000.0
Hungary,1994,4200000.0
Hungary,1995,4220000.0
Hungary,1996,3690000.0
Hungary,1997,4320000.0
Hungary,1998,4190000.0
Hungary,1999,4760000.0
Hungary,2000,5420000.0
Hungary,2001,5340000.0
Hungary,2002,5400000.0
Hungary,2003,5270000.0
Hungary,2004,5180000.0
Hungary,2005,5370000.0
Hungary,2006,5320000.0
Hungary,2007,5120000.0
Hungary,2008,5380000.0
Hungary,2009,5240000.0
Hungary,2010,5740000.0
Hungary,2011,6230000.0
Iceland,1990,
Iceland,1991,
Iceland,1992,
Iceland,1993,
Iceland,1994,
Iceland,1995,
Iceland,1996,350.0
Iceland,1997,273.0
Iceland,1998,268.0
Iceland,1999,269.0
Iceland,2000,284.0
Iceland,2001,249.0
Iceland,2002,399.0
Iceland,2003,539.0
Iceland,2004,467.0
Iceland,2005,836.0
Iceland,2006,769.0
Iceland,2007,558.0
Iceland,2008,1260.0
Iceland,2009,1330.0
Iceland,2010,3640.0
Iceland,2011,3350.0
India,1990,248000000.0
India,1991,252000000.0
India,1992,256000000.0
India,1993,260000000.0
India,1994,264000000.0
India,1995,268000000.0
India,1996,271000000.0
India,1997,275000000.0
India,1998,279000000.0
India,1999,283000000.0
India,2000,287000000.0
India,2001,300000000.0
India,2002,314000000.0
India,2003,327000000.0
India,2004,341000000.0
India,2005,354000000.0
India,2006,368000000.0
India,2007,381000000.0
India,2008,394000000.0
India,2009,408000000.0
India,2010,421000000.0
India,2011,435000000.0
Indonesia,1990,
Indonesia,1991,
Indonesia,1992,
Indonesia,1993,
Indonesia,1994,
Indonesia,1995,
Indonesia,1996,
Indonesia,1997,
Indonesia,1998,
Indonesia,1999,
Indonesia,2000,
Indonesia,2001,11400000.0
Indonesia,2002,9000000.0
Indonesia,2003,11400000.0
Indonesia,2004,13500000.0
Indonesia,2005,32000000.0
Indonesia,2006,34100000.0
Indonesia,2007,32200000.0
Indonesia,2008,32000000.0
Indonesia,2009,34300000.0
Indonesia,2010,42100000.0
Indonesia,2011,47400000.0
Iran,1990,1220000.0
Iran,1991,1500000.0
Iran,1992,1400000.0
Iran,1993,1550000.0
Iran,1994,1580000.0
Iran,1995,1460000.0
Iran,1996,1430000.0
Iran,1997,1500000.0
Iran,1998,1290000.0
Iran,1999,1150000.0
Iran,2000,1110000.0
Iran,2001,1110000.0
Iran,2002,710000.0
Iran,2003,906000.0
Iran,2004,820000.0
Iran,2005,774000.0
Iran,2006,794000.0
Iran,2007,867000.0
Iran,2008,886000.0
Iran,2009,853000.0
Iran,2010,750000.0
Iran,2011,750000.0
Iraq,1990,89900.0
Iraq,1991,96400.0
Iraq,1992,96800.0
Iraq,1993,96800.0
Iraq,1994,97500.0
Iraq,1995,98200.0
Iraq,1996,99300.0
Iraq,1997,161000.0
Iraq,1998,177000.0
Iraq,1999,177000.0
Iraq,2000,177000.0
Iraq,2001,177000.0
Iraq,2002,177000.0
Iraq,2003,177000.0
Iraq,2004,177000.0
Iraq,2005,177000.0
Iraq,2006,177000.0
Iraq,2007,177000.0
Iraq,2008,177000.0
Iraq,2009,177000.0
Iraq,2010,177000.0
Iraq,2011,177000.0
Ireland,1990,1630000.0
Ireland,1991,1670000.0
Ireland,1992,1960000.0
Ireland,1993,1820000.0
Ireland,1994,2020000.0
Ireland,1995,2200000.0
Ireland,1996,2290000.0
Ireland,1997,2180000.0
Ireland,1998,2270000.0
Ireland,1999,2580000.0
Ireland,2000,2670000.0
Ireland,2001,2460000.0
Ireland,2002,2650000.0
Ireland,2003,2680000.0
Ireland,2004,2560000.0
Ireland,2005,2650000.0
Ireland,2006,2670000.0
Ireland,2007,2710000.0
Ireland,2008,2230000.0
Ireland,2009,2430000.0
Ireland,2010,2620000.0
Ireland,2011,2630000.0
Israel,1990,113000.0
Israel,1991,113000.0
Israel,1992,113000.0
Israel,1993,113000.0
Israel,1994,113000.0
Israel,1995,113000.0
Israel,1996,105000.0
Israel,1997,124000.0
Israel,1998,113000.0
Israel,1999,113000.0
Israel,2000,81000.0
Israel,2001,27000.0
Israel,2002,27000.0
Israel,2003,27000.0
Israel,2004,27000.0
Israel,2005,27000.0
Israel,2006,27000.0
Israel,2007,27000.0
Israel,2008,27000.0
Israel,2009,27000.0
Israel,2010,27000.0
Israel,2011,27000.0
Italy,1990,7970000.0
Italy,1991,8330000.0
Italy,1992,8360000.0
Italy,1993,8820000.0
Italy,1994,9470000.0
Italy,1995,9740000.0
Italy,1996,9120000.0
Italy,1997,9150000.0
Italy,1998,9550000.0
Italy,1999,11100000.0
Italy,2000,9330000.0
Italy,2001,8100000.0
Italy,2002,7510000.0
Italy,2003,8220000.0
Italy,2004,8700000.0
Italy,2005,8690000.0
Italy,2006,8620000.0
Italy,2007,8130000.0
Italy,2008,8670000.0
Italy,2009,8080000.0
Italy,2010,7840000.0
Italy,2011,7740000.0
Jamaica,1990,1060000.0
Jamaica,1991,917000.0
Jamaica,1992,696000.0
Jamaica,1993,630000.0
Jamaica,1994,675000.0
Jamaica,1995,577000.0
Jamaica,1996,770000.0
Jamaica,1997,804000.0
Jamaica,1998,829000.0
Jamaica,1999,856000.0
Jamaica,2000,882000.0
Jamaica,2001,875000.0
Jamaica,2002,868000.0
Jamaica,2003,861000.0
Jamaica,2004,854000.0
Jamaica,2005,842000.0
Jamaica,2006,838000.0
Jamaica,2007,834000.0
Jamaica,2008,830000.0
Jamaica,2009,827000.0
Jamaica,2010,700000.0
Jamaica,2011,693000.0
Japan,1990,29700000.0
Japan,1991,28400000.0
Japan,1992,27500000.0
Japan,1993,26000000.0
Japan,1994,24800000.0
Japan,1995,23200000.0
Japan,1996,22800000.0
Japan,1997,21900000.0
Japan,1998,19600000.0
Japan,1999,19100000.0
Japan,2000,18300000.0
Japan,2001,17000000.0
Japan,2002,16300000.0
Japan,2003,16300000.0
Japan,2004,16700000.0
Japan,2005,17300000.0
Japan,2006,17800000.0
Japan,2007,18800000.0
Japan,2008,18900000.0
Japan,2009,17700000.0
Japan,2010,18400000.0
Japan,2011,19600000.0
Jordan,1990,138000.0
Jordan,1991,146000.0
Jordan,1992,148000.0
Jordan,1993,156000.0
Jordan,1994,162000.0
Jordan,1995,169000.0
Jordan,1996,177000.0
Jordan,1997,148000.0
Jordan,1998,209000.0
Jordan,1999,217000.0
Jordan,2000,226000.0
Jordan,2001,234000.0
Jordan,2002,241000.0
Jordan,2003,249000.0
Jordan,2004,257000.0
Jordan,2005,266000.0
Jordan,2006,273000.0
Jordan,2007,281000.0
Jordan,2008,290000.0
Jordan,2009,298000.0
Jordan,2010,306000.0
Jordan,2011,314000.0
Kenya,1990,18500000.0
Kenya,1991,19000000.0
Kenya,1992,19600000.0
Kenya,1993,20100000.0
Kenya,1994,20400000.0
Kenya,1995,20800000.0
Kenya,1996,21000000.0
Kenya,1997,21300000.0
Kenya,1998,21300000.0
Kenya,1999,21500000.0
Kenya,2000,21600000.0
Kenya,2001,21700000.0
Kenya,2002,21800000.0
Kenya,2003,21900000.0
Kenya,2004,22200000.0
Kenya,2005,26700000.0
Kenya,2006,27600000.0
Kenya,2007,27600000.0
Kenya,2008,27600000.0
Kenya,2009,27600000.0
Kenya,2010,27600000.0
Kenya,2011,27600000.0
Kiribati,1990,2030.0
Kiribati,1991,2060.0
Kiribati,1992,2090.0
Kiribati,1993,2120.0
Kiribati,1994,2060.0
Kiribati,1995,2080.0
Kiribati,1996,2140.0
Kiribati,1997,2160.0
Kiribati,1998,2200.0
Kiribati,1999,2240.0
Kiribati,2000,2400.0
Kiribati,2001,2450.0
Kiribati,2002,2500.0
Kiribati,2003,2550.0
Kiribati,2004,2600.0
Kiribati,2005,2650.0
Kiribati,2006,2700.0
Kiribati,2007,2760.0
Kiribati,2008,2820.0
Kiribati,2009,2880.0
Kiribati,2010,2940.0
Kiribati,2011,2990.0
Kuwait,1990,21100.0
Kuwait,1991,24000.0
Kuwait,1992,16700.0
Kuwait,1993,14100.0
Kuwait,1994,6240.0
Kuwait,1995,5550.0
Kuwait,1996,5540.0
Kuwait,1997,5810.0
Kuwait,1998,6720.0
Kuwait,1999,14200.0
Kuwait,2000,14900.0
Kuwait,2001,15300.0
Kuwait,2002,15600.0
Kuwait,2003,16000.0
Kuwait,2004,16400.0
Kuwait,2005,16800.0
Kuwait,2006,17100.0
Kuwait,2007,17400.0
Kuwait,2008,17800.0
Kuwait,2009,18100.0
Kuwait,2010,18400.0
Kuwait,2011,18700.0
Lao,1990,6080000.0
Lao,1991,6320000.0
Lao,1992,6050000.0
Lao,1993,6340000.0
Lao,1994,6380000.0
Lao,1995,6720000.0
Lao,1996,6550000.0
Lao,1997,6480000.0
Lao,1998,6390000.0
Lao,1999,6710000.0
Lao,2000,6440000.0
Lao,2001,6460000.0
Lao,2002,6290000.0
Lao,2003,6320000.0
Lao,2004,6210000.0
Lao,2005,6140000.0
Lao,2006,6140000.0
Lao,2007,6140000.0
Lao,2008,6170000.0
Lao,2009,6160000.0
Lao,2010,6170000.0
Lao,2011,6170000.0
Latvia,1990,
Latvia,1991,
Latvia,1992,2470000.0
Latvia,1993,4930000.0
Latvia,1994,5700000.0
Latvia,1995,6900000.0
Latvia,1996,8080000.0
Latvia,1997,8700000.0
Latvia,1998,10000000.0
Latvia,1999,14000000.0
Latvia,2000,14300000.0
Latvia,2001,12800000.0
Latvia,2002,13500000.0
Latvia,2003,12900000.0
Latvia,2004,12800000.0
Latvia,2005,12800000.0
Latvia,2006,12800000.0
Latvia,2007,12200000.0
Latvia,2008,8810000.0
Latvia,2009,10400000.0
Latvia,2010,12500000.0
Latvia,2011,12800000.0
Lebanon,1990,74200.0
Lebanon,1991,74000.0
Lebanon,1992,80300.0
Lebanon,1993,83000.0
Lebanon,1994,85200.0
Lebanon,1995,87200.0
Lebanon,1996,89100.0
Lebanon,1997,90500.0
Lebanon,1998,90000.0
Lebanon,1999,25200.0
Lebanon,2000,26200.0
Lebanon,2001,26200.0
Lebanon,2002,26200.0
Lebanon,2003,26200.0
Lebanon,2004,26200.0
Lebanon,2005,26200.0
Lebanon,2006,26100.0
Lebanon,2007,26100.0
Lebanon,2008,26100.0
Lebanon,2009,26100.0
Lebanon,2010,26000.0
Lebanon,2011,26000.0
Lesotho,1990,1260000.0
Lesotho,1991,1330000.0
Lesotho,1992,1370000.0
Lesotho,1993,1400000.0
Lesotho,1994,1440000.0
Lesotho,1995,1480000.0
Lesotho,1996,1520000.0
Lesotho,1997,1560000.0
Lesotho,1998,1590000.0
Lesotho,1999,2000000.0
Lesotho,2000,2020000.0
Lesotho,2001,2030000.0
Lesotho,2002,2030000.0
Lesotho,2003,2040000.0
Lesotho,2004,2050000.0
Lesotho,2005,2050000.0
Lesotho,2006,2060000.0
Lesotho,2007,2070000.0
Lesotho,2008,2080000.0
Lesotho,2009,2080000.0
Lesotho,2010,2090000.0
Lesotho,2011,2100000.0
Liberia,1990,4580000.0
Liberia,1991,4090000.0
Liberia,1992,4150000.0
Liberia,1993,3820000.0
Liberia,1994,3360000.0
Liberia,1995,2980000.0
Liberia,1996,3120000.0
Liberia,1997,3550000.0
Liberia,1998,4060000.0
Liberia,1999,4720000.0
Liberia,2000,5840000.0
Liberia,2001,6090000.0
Liberia,2002,6680000.0
Liberia,2003,6330000.0
Liberia,2004,5910000.0
Liberia,2005,6140000.0
Liberia,2006,6390000.0
Liberia,2007,6620000.0
Liberia,2008,6920000.0
Liberia,2009,7170000.0
Liberia,2010,7490000.0
Liberia,2011,7490000.0
Libya,1990,682000.0
Libya,1991,696000.0
Libya,1992,743000.0
Libya,1993,775000.0
Libya,1994,807000.0
Libya,1995,841000.0
Libya,1996,874000.0
Libya,1997,909000.0
Libya,1998,909000.0
Libya,1999,925000.0
Libya,2000,939000.0
Libya,2001,952000.0
Libya,2002,965000.0
Libya,2003,978000.0
Libya,2004,991000.0
Libya,2005,1000000.0
Libya,2006,1020000.0
Libya,2007,1030000.0
Libya,2008,1040000.0
Libya,2009,1060000.0
Libya,2010,1070000.0
Libya,2011,1070000.0
Liechtenstein,1990,
Liechtenstein,1991,
Liechtenstein,1992,12000.0
Liechtenstein,1993,11000.0
Liechtenstein,1994,21000.0
Liechtenstein,1995,18000.0
Liechtenstein,1996,13000.0
Liechtenstein,1997,13000.0
Liechtenstein,1998,13000.0
Liechtenstein,1999,7500.0
Liechtenstein,2000,24200.0
Liechtenstein,2001,22200.0
Liechtenstein,2002,22200.0
Liechtenstein,2003,22200.0
Liechtenstein,2004,22200.0
Liechtenstein,2005,22200.0
Liechtenstein,2006,25000.0
Liechtenstein,2007,25000.0
Liechtenstein,2008,28300.0
Liechtenstein,2009,25000.0
Liechtenstein,2010,25000.0
Liechtenstein,2011,26000.0
Lithuania,1990,
Lithuania,1991,
Lithuania,1992,3160000.0
Lithuania,1993,4510000.0
Lithuania,1994,3990000.0
Lithuania,1995,5960000.0
Lithuania,1996,5540000.0
Lithuania,1997,5150000.0
Lithuania,1998,4880000.0
Lithuania,1999,4920000.0
Lithuania,2000,5500000.0
Lithuania,2001,5700000.0
Lithuania,2002,6120000.0
Lithuania,2003,6280000.0
Lithuania,2004,6120000.0
Lithuania,2005,6050000.0
Lithuania,2006,5870000.0
Lithuania,2007,6200000.0
Lithuania,2008,5590000.0
Lithuania,2009,5460000.0
Lithuania,2010,7100000.0
Lithuania,2011,8050000.0
Luxembourg,1990,
Luxembourg,1991,
Luxembourg,1992,
Luxembourg,1993,
Luxembourg,1994,
Luxembourg,1995,
Luxembourg,1996,
Luxembourg,1997,
Luxembourg,1998,
Luxembourg,1999,
Luxembourg,2000,260000.0
Luxembourg,2001,270000.0
Luxembourg,2002,257000.0
Luxembourg,2003,257000.0
Luxembourg,2004,277000.0
Luxembourg,2005,249000.0
Luxembourg,2006,268000.0
Luxembourg,2007,291000.0
Luxembourg,2008,353000.0
Luxembourg,2009,274000.0
Luxembourg,2010,275000.0
Luxembourg,2011,261000.0
Madagascar,1990,8190000.0
Madagascar,1991,8540000.0
Madagascar,1992,8920000.0
Madagascar,1993,9110000.0
Madagascar,1994,9310000.0
Madagascar,1995,9750000.0
Madagascar,1996,10100000.0
Madagascar,1997,9210000.0
Madagascar,1998,9220000.0
Madagascar,1999,9510000.0
Madagascar,2000,9760000.0
Madagascar,2001,10000000.0
Madagascar,2002,10300000.0
Madagascar,2003,10700000.0
Madagascar,2004,11000000.0
Madagascar,2005,11200000.0
Madagascar,2006,13300000.0
Madagascar,2007,13300000.0
Madagascar,2008,13400000.0
Madagascar,2009,13300000.0
Madagascar,2010,13400000.0
Madagascar,2011,13400000.0
Malawi,1990,6040000.0
Malawi,1991,6000000.0
Malawi,1992,6130000.0
Malawi,1993,5920000.0
Malawi,1994,6030000.0
Malawi,1995,6300000.0
Malawi,1996,6200000.0
Malawi,1997,6230000.0
Malawi,1998,6280000.0
Malawi,1999,6320000.0
Malawi,2000,6360000.0
Malawi,2001,6400000.0
Malawi,2002,6430000.0
Malawi,2003,6460000.0
Malawi,2004,6500000.0
Malawi,2005,6540000.0
Malawi,2006,6590000.0
Malawi,2007,6640000.0
Malawi,2008,6690000.0
Malawi,2009,6750000.0
Malawi,2010,6810000.0
Malawi,2011,6870000.0
Malaysia,1990,45300000.0
Malaysia,1991,45300000.0
Malaysia,1992,48900000.0
Malaysia,1993,41800000.0
Malaysia,1994,40100000.0
Malaysia,1995,39300000.0
Malaysia,1996,35100000.0
Malaysia,1997,36000000.0
Malaysia,1998,26800000.0
Malaysia,1999,26800000.0
Malaysia,2000,27700000.0
Malaysia,2001,23500000.0
Malaysia,2002,22700000.0
Malaysia,2003,26500000.0
Malaysia,2004,28500000.0
Malaysia,2005,28300000.0
Malaysia,2006,26200000.0
Malaysia,2007,28000000.0
Malaysia,2008,25700000.0
Malaysia,2009,23000000.0
Malaysia,2010,22100000.0
Malaysia,2011,20800000.0
Mali,1990,4300000.0
Mali,1991,4440000.0
Mali,1992,4500000.0
Mali,1993,4640000.0
Mali,1994,4750000.0
Mali,1995,4810000.0
Mali,1996,4910000.0
Mali,1997,4970000.0
Mali,1998,5020000.0
Mali,1999,5080000.0
Mali,2000,5140000.0
Mali,2001,5200000.0
Mali,2002,5260000.0
Mali,2003,5320000.0
Mali,2004,5380000.0
Mali,2005,5440000.0
Mali,2006,5500000.0
Mali,2007,5560000.0
Mali,2008,5620000.0
Mali,2009,5680000.0
Mali,2010,5740000.0
Mali,2011,5800000.0
Malta,1990,0.0
Malta,1991,0.0
Malta,1992,0.0
Malta,1993,0.0
Malta,1994,0.0
Malta,1995,0.0
Malta,1996,0.0
Malta,1997,0.0
Malta,1998,0.0
Malta,1999,0.0
Malta,2000,0.0
Malta,2001,0.0
Malta,2002,0.0
Malta,2003,0.0
Malta,2004,0.0
Malta,2005,0.0
Malta,2006,0.0
Malta,2007,0.0
Malta,2008,0.0
Malta,2009,0.0
Malta,2010,0.0
Malta,2011,0.0
Mauritania,1990,1150000.0
Mauritania,1991,1180000.0
Mauritania,1992,1210000.0
Mauritania,1993,1230000.0
Mauritania,1994,1250000.0
Mauritania,1995,1270000.0
Mauritania,1996,1300000.0
Mauritania,1997,1320000.0
Mauritania,1998,1360000.0
Mauritania,1999,1390000.0
Mauritania,2000,1430000.0
Mauritania,2001,1460000.0
Mauritania,2002,1500000.0
Mauritania,2003,1540000.0
Mauritania,2004,1580000.0
Mauritania,2005,1620000.0
Mauritania,2006,1660000.0
Mauritania,2007,1700000.0
Mauritania,2008,1750000.0
Mauritania,2009,1790000.0
Mauritania,2010,1840000.0
Mauritania,2011,1880000.0
Mauritius,1990,27100.0
Mauritius,1991,17300.0
Mauritius,1992,15700.0
Mauritius,1993,24200.0
Mauritius,1994,18300.0
Mauritius,1995,12400.0
Mauritius,1996,14800.0
Mauritius,1997,14800.0
Mauritius,1998,22000.0
Mauritius,1999,25000.0
Mauritius,2000,18000.0
Mauritius,2001,17000.0
Mauritius,2002,15000.0
Mauritius,2003,14000.0
Mauritius,2004,14000.0
Mauritius,2005,12500.0
Mauritius,2006,16700.0
Mauritius,2007,15400.0
Mauritius,2008,15400.0
Mauritius,2009,15000.0
Mauritius,2010,14000.0
Mauritius,2011,11000.0
Mexico,1990,8160000.0
Mexico,1991,7690000.0
Mexico,1992,7680000.0
Mexico,1993,6350000.0
Mexico,1994,6410000.0
Mexico,1995,6300000.0
Mexico,1996,6840000.0
Mexico,1997,7710000.0
Mexico,1998,8330000.0
Mexico,1999,8500000.0
Mexico,2000,9430000.0
Mexico,2001,8120000.0
Mexico,2002,6660000.0
Mexico,2003,7000000.0
Mexico,2004,6720000.0
Mexico,2005,6420000.0
Mexico,2006,6480000.0
Mexico,2007,6990000.0
Mexico,2008,6300000.0
Mexico,2009,5810000.0
Mexico,2010,5630000.0
Mexico,2011,5500000.0
"Micronesia, Fed. Sts.",1990,0.0
"Micronesia, Fed. Sts.",1991,1740.0
"Micronesia, Fed. Sts.",1992,1780.0
"Micronesia, Fed. Sts.",1993,1570.0
"Micronesia, Fed. Sts.",1994,1610.0
"Micronesia, Fed. Sts.",1995,1650.0
"Micronesia, Fed. Sts.",1996,1710.0
"Micronesia, Fed. Sts.",1997,1830.0
"Micronesia, Fed. Sts.",1998,1830.0
"Micronesia, Fed. Sts.",1999,1860.0
"Micronesia, Fed. Sts.",2000,2100.0
"Micronesia, Fed. Sts.",2001,2130.0
"Micronesia, Fed. Sts.",2002,2160.0
"Micronesia, Fed. Sts.",2003,2200.0
"Micronesia, Fed. Sts.",2004,2230.0
"Micronesia, Fed. Sts.",2005,2260.0
"Micronesia, Fed. Sts.",2006,2300.0
"Micronesia, Fed. Sts.",2007,2330.0
"Micronesia, Fed. Sts.",2008,2370.0
"Micronesia, Fed. Sts.",2009,2410.0
"Micronesia, Fed. Sts.",2010,2440.0
"Micronesia, Fed. Sts.",2011,2480.0
Moldova,1990,
Moldova,1991,
Moldova,1992,
Moldova,1993,
Moldova,1994,
Moldova,1995,397000.0
Moldova,1996,360000.0
Moldova,1997,385000.0
Moldova,1998,331000.0
Moldova,1999,327000.0
Moldova,2000,321000.0
Moldova,2001,308000.0
Moldova,2002,345000.0
Moldova,2003,375000.0
Moldova,2004,355000.0
Moldova,2005,341000.0
Moldova,2006,379000.0
Moldova,2007,352000.0
Moldova,2008,352000.0
Moldova,2009,352000.0
Moldova,2010,352000.0
Moldova,2011,352000.0
Mongolia,1990,1500000.0
Mongolia,1991,996000.0
Mongolia,1992,957000.0
Mongolia,1993,958000.0
Mongolia,1994,873000.0
Mongolia,1995,737000.0
Mongolia,1996,737000.0
Mongolia,1997,737000.0
Mongolia,1998,737000.0
Mongolia,1999,737000.0
Mongolia,2000,644000.0
Mongolia,2001,717000.0
Mongolia,2002,744000.0
Mongolia,2003,756000.0
Mongolia,2004,769000.0
Mongolia,2005,765000.0
Mongolia,2006,796000.0
Mongolia,2007,800000.0
Mongolia,2008,804000.0
Mongolia,2009,808000.0
Mongolia,2010,812000.0
Mongolia,2011,812000.0
Montenegro,1990,
Montenegro,1991,
Montenegro,1992,
Montenegro,1993,
Montenegro,1994,
Montenegro,1995,
Montenegro,1996,
Montenegro,1997,
Montenegro,1998,
Montenegro,1999,
Montenegro,2000,
Montenegro,2001,
Montenegro,2002,
Montenegro,2003,
Montenegro,2004,434000.0
Montenegro,2005,473000.0
Montenegro,2006,519000.0
Montenegro,2007,450000.0
Montenegro,2008,488000.0
Montenegro,2009,366000.0
Montenegro,2010,396000.0
Montenegro,2011,446000.0
Morocco,1990,7140000.0
Morocco,1991,7670000.0
Morocco,1992,7610000.0
Morocco,1993,7330000.0
Morocco,1994,1600000.0
Morocco,1995,1500000.0
Morocco,1996,1460000.0
Morocco,1997,765000.0
Morocco,1998,1750000.0
Morocco,1999,1120000.0
Morocco,2000,1060000.0
Morocco,2001,981000.0
Morocco,2002,926000.0
Morocco,2003,885000.0
Morocco,2004,861000.0
Morocco,2005,957000.0
Morocco,2006,944000.0
Morocco,2007,1040000.0
Morocco,2008,1270000.0
Morocco,2009,960000.0
Morocco,2010,832000.0
Morocco,2011,762000.0
Mozambique,1990,
Mozambique,1991,
Mozambique,1992,
Mozambique,1993,
Mozambique,1994,
Mozambique,1995,
Mozambique,1996,
Mozambique,1997,
Mozambique,1998,
Mozambique,1999,224000.0
Mozambique,2000,318000.0
Mozambique,2001,452000.0
Mozambique,2002,601000.0
Mozambique,2003,451000.0
Mozambique,2004,612000.0
Mozambique,2005,467000.0
Mozambique,2006,473000.0
Mozambique,2007,529000.0
Mozambique,2008,571000.0
Mozambique,2009,680000.0
Mozambique,2010,735000.0
Mozambique,2011,691000.0
Myanmar,1990,35800.0
Myanmar,1991,35700.0
Myanmar,1992,35600.0
Myanmar,1993,35600.0
Myanmar,1994,35100.0
Myanmar,1995,34100.0
Myanmar,1996,34800.0
Myanmar,1997,34300.0
Myanmar,1998,35000.0
Myanmar,1999,36500.0
Myanmar,2000,37100.0
Myanmar,2001,38300.0
Myanmar,2002,38800.0
Myanmar,2003,39600.0
Myanmar,2004,41800.0
Myanmar,2005,42600.0
Myanmar,2006,42600.0
Myanmar,2007,42600.0
Myanmar,2008,42600.0
Myanmar,2009,42600.0
Myanmar,2010,42600.0
Myanmar,2011,42600.0
Namibia,1990,678000.0
Namibia,1991,686000.0
Namibia,1992,692000.0
Namibia,1993,712000.0
Namibia,1994,721000.0
Namibia,1995,731000.0
Namibia,1996,747000.0
Namibia,1997,763000.0
Namibia,1998,761000.0
Namibia,1999,768000.0
Namibia,2000,774000.0
Namibia,2001,778000.0
Namibia,2002,783000.0
Namibia,2003,787000.0
Namibia,2004,792000.0
Namibia,2005,796000.0
Namibia,2006,801000.0
Namibia,2007,806000.0
Namibia,2008,811000.0
Namibia,2009,817000.0
Namibia,2010,822000.0
Namibia,2011,827000.0
Nepal,1990,13000000.0
Nepal,1991,13000000.0
Nepal,1992,13000000.0
Nepal,1993,13100000.0
Nepal,1994,13000000.0
Nepal,1995,13100000.0
Nepal,1996,13100000.0
Nepal,1997,13200000.0
Nepal,1998,13900000.0
Nepal,1999,13900000.0
Nepal,2000,14000000.0
Nepal,2001,14000000.0
Nepal,2002,14000000.0
Nepal,2003,14000000.0
Nepal,2004,14000000.0
Nepal,2005,14000000.0
Nepal,2006,13900000.0
Nepal,2007,13900000.0
Nepal,2008,13800000.0
Nepal,2009,13800000.0
Nepal,2010,13800000.0
Nepal,2011,13700000.0
Netherlands,1990,1420000.0
Netherlands,1991,1120000.0
Netherlands,1992,1250000.0
Netherlands,1993,1080000.0
Netherlands,1994,1040000.0
Netherlands,1995,1100000.0
Netherlands,1996,952000.0
Netherlands,1997,1110000.0
Netherlands,1998,1020000.0
Netherlands,1999,1040000.0
Netherlands,2000,1040000.0
Netherlands,2001,865000.0
Netherlands,2002,839000.0
Netherlands,2003,1040000.0
Netherlands,2004,1030000.0
Netherlands,2005,1110000.0
Netherlands,2006,1110000.0
Netherlands,2007,1020000.0
Netherlands,2008,1120000.0
Netherlands,2009,1020000.0
Netherlands,2010,1080000.0
Netherlands,2011,982000.0
New Zealand,1990,13100000.0
New Zealand,1991,13800000.0
New Zealand,1992,14300000.0
New Zealand,1993,14900000.0
New Zealand,1994,15900000.0
New Zealand,1995,16600000.0
New Zealand,1996,16300000.0
New Zealand,1997,16900000.0
New Zealand,1998,15300000.0
New Zealand,1999,17800000.0
New Zealand,2000,19300000.0
New Zealand,2001,20700000.0
New Zealand,2002,22100000.0
New Zealand,2003,21300000.0
New Zealand,2004,19800000.0
New Zealand,2005,19000000.0
New Zealand,2006,19400000.0
New Zealand,2007,20300000.0
New Zealand,2008,19400000.0
New Zealand,2009,20700000.0
New Zealand,2010,24400000.0
New Zealand,2011,26100000.0
Nicaragua,1990,5930000.0
Nicaragua,1991,5920000.0
Nicaragua,1992,5760000.0
Nicaragua,1993,5780000.0
Nicaragua,1994,5770000.0
Nicaragua,1995,5770000.0
Nicaragua,1996,5890000.0
Nicaragua,1997,5850000.0
Nicaragua,1998,5910000.0
Nicaragua,1999,5940000.0
Nicaragua,2000,5980000.0
Nicaragua,2001,5880000.0
Nicaragua,2002,5950000.0
Nicaragua,2003,5960000.0
Nicaragua,2004,6000000.0
Nicaragua,2005,6040000.0
Nicaragua,2006,6070000.0
Nicaragua,2007,6100000.0
Nicaragua,2008,6130000.0
Nicaragua,2009,6120000.0
Nicaragua,2010,6300000.0
Nicaragua,2011,6230000.0
Niger,1990,5980000.0
Niger,1991,6180000.0
Niger,1992,6510000.0
Niger,1993,6750000.0
Niger,1994,6960000.0
Niger,1995,7180000.0
Niger,1996,7410000.0
Niger,1997,7650000.0
Niger,1998,7820000.0
Niger,1999,8020000.0
Niger,2000,8380000.0
Niger,2001,3440000.0
Niger,2002,3440000.0
Niger,2003,3440000.0
Niger,2004,3440000.0
Niger,2005,3560000.0
Niger,2006,3560000.0
Niger,2007,3560000.0
Niger,2008,3560000.0
Niger,2009,3560000.0
Niger,2010,3560000.0
Niger,2011,3560000.0
Nigeria,1990,59200000.0
Nigeria,1991,60000000.0
Nigeria,1992,61100000.0
Nigeria,1993,62300000.0
Nigeria,1994,63800000.0
Nigeria,1995,65000000.0
Nigeria,1996,66200000.0
Nigeria,1997,67700000.0
Nigeria,1998,67800000.0
Nigeria,1999,68300000.0
Nigeria,2000,68800000.0
Nigeria,2001,69100000.0
Nigeria,2002,69500000.0
Nigeria,2003,69900000.0
Nigeria,2004,70300000.0
Nigeria,2005,70700000.0
Nigeria,2006,71000000.0
Nigeria,2007,71400000.0
Nigeria,2008,71800000.0
Nigeria,2009,72200000.0
Nigeria,2010,72600000.0
Nigeria,2011,72600000.0
North Korea,1990,4960000.0
North Korea,1991,5080000.0
North Korea,1992,5230000.0
North Korea,1993,5360000.0
North Korea,1994,5460000.0
North Korea,1995,5590000.0
North Korea,1996,6150000.0
North Korea,1997,6510000.0
North Korea,1998,6860000.0
North Korea,1999,6930000.0
North Korea,2000,7000000.0
North Korea,2001,7060000.0
North Korea,2002,7120000.0
North Korea,2003,7180000.0
North Korea,2004,7240000.0
North Korea,2005,7300000.0
North Korea,2006,7340000.0
North Korea,2007,7370000.0
North Korea,2008,7410000.0
North Korea,2009,7450000.0
North Korea,2010,7490000.0
North Korea,2011,7530000.0
Norway,1990,11700000.0
Norway,1991,10700000.0
Norway,1992,10100000.0
Norway,1993,10300000.0
Norway,1994,9290000.0
Norway,1995,10100000.0
Norway,1996,8990000.0
Norway,1997,9320000.0
Norway,1998,8950000.0
Norway,1999,9200000.0
Norway,2000,8930000.0
Norway,2001,9170000.0
Norway,2002,8830000.0
Norway,2003,8480000.0
Norway,2004,8960000.0
Norway,2005,9850000.0
Norway,2006,9590000.0
Norway,2007,10500000.0
Norway,2008,10400000.0
Norway,2009,8990000.0
Norway,2010,10900000.0
Norway,2011,10700000.0
Oman,1990,14800.0
Oman,1991,15500.0
Oman,1992,16200.0
Oman,1993,17600.0
Oman,1994,18800.0
Oman,1995,20500.0
Oman,1996,21800.0
Oman,1997,23000.0
Oman,1998,24000.0
Oman,1999,25100.0
Oman,2000,26500.0
Oman,2001,27600.0
Oman,2002,28800.0
Oman,2003,30000.0
Oman,2004,31300.0
Oman,2005,32600.0
Oman,2006,33800.0
Oman,2007,35000.0
Oman,2008,36300.0
Oman,2009,37600.0
Oman,2010,39000.0
Oman,2011,40200.0
Pakistan,1990,23700000.0
Pakistan,1991,23800000.0
Pakistan,1992,24200000.0
Pakistan,1993,24200000.0
Pakistan,1994,24300000.0
Pakistan,1995,24200000.0
Pakistan,1996,29000000.0
Pakistan,1997,30900000.0
Pakistan,1998,31800000.0
Pakistan,1999,33100000.0
Pakistan,2000,33600000.0
Pakistan,2001,34200000.0
Pakistan,2002,34200000.0
Pakistan,2003,34200000.0
Pakistan,2004,28700000.0
Pakistan,2005,29300000.0
Pakistan,2006,29400000.0
Pakistan,2007,32500000.0
Pakistan,2008,32700000.0
Pakistan,2009,32700000.0
Pakistan,2010,32700000.0
Pakistan,2011,32700000.0
Panama,1990,1520000.0
Panama,1991,1480000.0
Panama,1992,1480000.0
Panama,1993,1470000.0
Panama,1994,1460000.0
Panama,1995,1450000.0
Panama,1996,1420000.0
Panama,1997,1410000.0
Panama,1998,1310000.0
Panama,1999,1340000.0
Panama,2000,1330000.0
Panama,2001,1330000.0
Panama,2002,1340000.0
Panama,2003,1330000.0
Panama,2004,1310000.0
Panama,2005,1360000.0
Panama,2006,1350000.0
Panama,2007,1330000.0
Panama,2008,1320000.0
Panama,2009,1310000.0
Panama,2010,1300000.0
Panama,2011,1300000.0
Papua New Guinea,1990,1790000.0
Papua New Guinea,1991,1660000.0
Papua New Guinea,1992,1350000.0
Papua New Guinea,1993,2020000.0
Papua New Guinea,1994,2760000.0
Papua New Guinea,1995,2190000.0
Papua New Guinea,1996,2650000.0
Papua New Guinea,1997,3010000.0
Papua New Guinea,1998,1620000.0
Papua New Guinea,1999,1980000.0
Papua New Guinea,2000,1990000.0
Papua New Guinea,2001,1650000.0
Papua New Guinea,2002,2230000.0
Papua New Guinea,2003,2150000.0
Papua New Guinea,2004,2780000.0
Papua New Guinea,2005,2830000.0
Papua New Guinea,2006,3630000.0
Papua New Guinea,2007,3480000.0
Papua New Guinea,2008,2760000.0
Papua New Guinea,2009,2860000.0
Papua New Guinea,2010,3760000.0
Papua New Guinea,2011,3530000.0
Paraguay,1990,8340000.0
Paraguay,1991,8550000.0
Paraguay,1992,8630000.0
Paraguay,1993,8850000.0
Paraguay,1994,9040000.0
Paraguay,1995,9270000.0
Paraguay,1996,9270000.0
Paraguay,1997,9440000.0
Paraguay,1998,9450000.0
Paraguay,1999,9550000.0
Paraguay,2000,9590000.0
Paraguay,2001,9690000.0
Paraguay,2002,9790000.0
Paraguay,2003,9890000.0
Paraguay,2004,9990000.0
Paraguay,2005,10100000.0
Paraguay,2006,10200000.0
Paraguay,2007,10300000.0
Paraguay,2008,10400000.0
Paraguay,2009,10500000.0
Paraguay,2010,10600000.0
Paraguay,2011,10600000.0
Peru,1990,1070000.0
Peru,1991,922000.0
Peru,1992,954000.0
Peru,1993,1380000.0
Peru,1994,1520000.0
Peru,1995,1400000.0
Peru,1996,1400000.0
Peru,1997,1120000.0
Peru,1998,1830000.0
Peru,1999,1530000.0
Peru,2000,1510000.0
Peru,2001,1320000.0
Peru,2002,1430000.0
Peru,2003,1140000.0
Peru,2004,1620000.0
Peru,2005,1740000.0
Peru,2006,1800000.0
Peru,2007,1970000.0
Peru,2008,1780000.0
Peru,2009,1350000.0
Peru,2010,1350000.0
Peru,2011,1500000.0
Philippines,1990,20100000.0
Philippines,1991,18900000.0
Philippines,1992,18200000.0
Philippines,1993,17700000.0
Philippines,1994,17500000.0
Philippines,1995,17200000.0
Philippines,1996,17000000.0
Philippines,1997,16700000.0
Philippines,1998,16700000.0
Philippines,1999,16700000.0
Philippines,2000,16700000.0
Philippines,2001,16300000.0
Philippines,2002,16000000.0
Philippines,2003,16000000.0
Philippines,2004,16100000.0
Philippines,2005,16100000.0
Philippines,2006,16100000.0
Philippines,2007,15900000.0
Philippines,2008,16400000.0
Philippines,2009,16300000.0
Philippines,2010,15900000.0
Philippines,2011,16100000.0
Poland,1990,20000000.0
Poland,1991,19400000.0
Poland,1992,23200000.0
Poland,1993,22500000.0
Poland,1994,22900000.0
Poland,1995,23400000.0
Poland,1996,22800000.0
Poland,1997,24600000.0
Poland,1998,25700000.0
Poland,1999,26700000.0
Poland,2000,28300000.0
Poland,2001,27200000.0
Poland,2002,29600000.0
Poland,2003,31500000.0
Poland,2004,33500000.0
Poland,2005,32700000.0
Poland,2006,33100000.0
Poland,2007,36700000.0
Poland,2008,35100000.0
Poland,2009,35600000.0
Poland,2010,36600000.0
Poland,2011,38300000.0
Portugal,1990,11200000.0
Portugal,1991,10800000.0
Portugal,1992,10300000.0
Portugal,1993,10200000.0
Portugal,1994,9820000.0
Portugal,1995,9350000.0
Portugal,1996,8980000.0
Portugal,1997,8980000.0
Portugal,1998,8550000.0
Portugal,1999,8980000.0
Portugal,2000,10800000.0
Portugal,2001,8950000.0
Portugal,2002,8740000.0
Portugal,2003,9670000.0
Portugal,2004,10900000.0
Portugal,2005,10700000.0
Portugal,2006,10800000.0
Portugal,2007,10800000.0
Portugal,2008,10200000.0
Portugal,2009,9560000.0
Portugal,2010,9650000.0
Portugal,2011,9140000.0
Qatar,1990,2670.0
Qatar,1991,2870.0
Qatar,1992,3800.0
Qatar,1993,3930.0
Qatar,1994,2630.0
Qatar,1995,2780.0
Qatar,1996,2770.0
Qatar,1997,2750.0
Qatar,1998,4280.0
Qatar,1999,4370.0
Qatar,2000,4490.0
Qatar,2001,4540.0
Qatar,2002,4600.0
Qatar,2003,4650.0
Qatar,2004,4710.0
Qatar,2005,4760.0
Qatar,2006,4810.0
Qatar,2007,4850.0
Qatar,2008,4890.0
Qatar,2009,4930.0
Qatar,2010,4980.0
Qatar,2011,5010.0
Romania,1990,12600000.0
Romania,1991,13000000.0
Romania,1992,12400000.0
Romania,1993,8840000.0
Romania,1994,11900000.0
Romania,1995,12200000.0
Romania,1996,12300000.0
Romania,1997,13500000.0
Romania,1998,11600000.0
Romania,1999,12700000.0
Romania,2000,13100000.0
Romania,2001,12400000.0
Romania,2002,15200000.0
Romania,2003,15400000.0
Romania,2004,15800000.0
Romania,2005,14500000.0
Romania,2006,14000000.0
Romania,2007,15300000.0
Romania,2008,13700000.0
Romania,2009,12600000.0
Romania,2010,13100000.0
Romania,2011,14400000.0
Russia,1990,325000000.0
Russia,1991,355000000.0
Russia,1992,228000000.0
Russia,1993,175000000.0
Russia,1994,112000000.0
Russia,1995,116000000.0
Russia,1996,96800000.0
Russia,1997,135000000.0
Russia,1998,125000000.0
Russia,1999,144000000.0
Russia,2000,158000000.0
Russia,2001,165000000.0
Russia,2002,165000000.0
Russia,2003,174000000.0
Russia,2004,178000000.0
Russia,2005,185000000.0
Russia,2006,191000000.0
Russia,2007,207000000.0
Russia,2008,181000000.0
Russia,2009,151000000.0
Russia,2010,175000000.0
Russia,2011,197000000.0
Rwanda,1990,6390000.0
Rwanda,1991,6390000.0
Rwanda,1992,6430000.0
Rwanda,1993,6430000.0
Rwanda,1994,6480000.0
Rwanda,1995,5380000.0
Rwanda,1996,5800000.0
Rwanda,1997,7420000.0
Rwanda,1998,7530000.0
Rwanda,1999,7840000.0
Rwanda,2000,5400000.0
Rwanda,2001,5500000.0
Rwanda,2002,5500000.0
Rwanda,2003,5500000.0
Rwanda,2004,5500000.0
Rwanda,2005,5500000.0
Rwanda,2006,5500000.0
Rwanda,2007,5500000.0
Rwanda,2008,6210000.0
Rwanda,2009,6210000.0
Rwanda,2010,6210000.0
Rwanda,2011,6210000.0
Samoa,1990,131000.0
Samoa,1991,131000.0
Samoa,1992,131000.0
Samoa,1993,131000.0
Samoa,1994,131000.0
Samoa,1995,131000.0
Samoa,1996,131000.0
Samoa,1997,131000.0
Samoa,1998,131000.0
Samoa,1999,131000.0
Samoa,2000,87900.0
Samoa,2001,90700.0
Samoa,2002,91200.0
Samoa,2003,84700.0
Samoa,2004,83200.0
Samoa,2005,85700.0
Samoa,2006,85700.0
Samoa,2007,75700.0
Samoa,2008,75700.0
Samoa,2009,75700.0
Samoa,2010,75700.0
Samoa,2011,75700.0
San Marino,1990,0.0
San Marino,1991,0.0
San Marino,1992,0.0
San Marino,1993,0.0
San Marino,1994,0.0
San Marino,1995,0.0
San Marino,1996,0.0
San Marino,1997,0.0
San Marino,1998,0.0
San Marino,1999,0.0
San Marino,2000,0.0
San Marino,2001,0.0
San Marino,2002,0.0
San Marino,2003,0.0
San Marino,2004,0.0
San Marino,2005,0.0
San Marino,2006,0.0
San Marino,2007,0.0
San Marino,2008,0.0
San Marino,2009,0.0
San Marino,2010,0.0
San Marino,2011,0.0
Sao Tome and Principe,1990,88500.0
Sao Tome and Principe,1991,90500.0
Sao Tome and Principe,1992,92500.0
Sao Tome and Principe,1993,93600.0
Sao Tome and Principe,1994,95400.0
Sao Tome and Principe,1995,97400.0
Sao Tome and Principe,1996,98600.0
Sao Tome and Principe,1997,101000.0
Sao Tome and Principe,1998,106000.0
Sao Tome and Principe,1999,108000.0
Sao Tome and Principe,2000,109000.0
Sao Tome and Principe,2001,110000.0
Sao Tome and Principe,2002,112000.0
Sao Tome and Principe,2003,113000.0
Sao Tome and Principe,2004,114000.0
Sao Tome and Principe,2005,116000.0
Sao Tome and Principe,2006,117000.0
Sao Tome and Principe,2007,118000.0
Sao Tome and Principe,2008,119000.0
Sao Tome and Principe,2009,120000.0
Sao Tome and Principe,2010,121000.0
Sao Tome and Principe,2011,122000.0
Saudi Arabia,1990,119000.0
Saudi Arabia,1991,122000.0
Saudi Arabia,1992,128000.0
Saudi Arabia,1993,134000.0
Saudi Arabia,1994,138000.0
Saudi Arabia,1995,143000.0
Saudi Arabia,1996,147000.0
Saudi Arabia,1997,155000.0
Saudi Arabia,1998,159000.0
Saudi Arabia,1999,169000.0
Saudi Arabia,2000,179000.0
Saudi Arabia,2001,185000.0
Saudi Arabia,2002,192000.0
Saudi Arabia,2003,198000.0
Saudi Arabia,2004,205000.0
Saudi Arabia,2005,213000.0
Saudi Arabia,2006,219000.0
Saudi Arabia,2007,226000.0
Saudi Arabia,2008,233000.0
Saudi Arabia,2009,240000.0
Saudi Arabia,2010,247000.0
Saudi Arabia,2011,247000.0
Senegal,1990,455000.0
Senegal,1991,519000.0
Senegal,1992,149000.0
Senegal,1993,342000.0
Senegal,1994,393000.0
Senegal,1995,248000.0
Senegal,1996,284000.0
Senegal,1997,306000.0
Senegal,1998,151000.0
Senegal,1999,165000.0
Senegal,2000,259000.0
Senegal,2001,276000.0
Senegal,2002,203000.0
Senegal,2003,296000.0
Senegal,2004,317000.0
Senegal,2005,310000.0
Senegal,2006,247000.0
Senegal,2007,264000.0
Senegal,2008,238000.0
Senegal,2009,348000.0
Senegal,2010,333000.0
Senegal,2011,407000.0
Serbia,1990,3660000.0
Serbia,1991,3570000.0
Serbia,1992,2770000.0
Serbia,1993,2490000.0
Serbia,1994,2510000.0
Serbia,1995,2850000.0
Serbia,1996,2910000.0
Serbia,1997,2610000.0
Serbia,1998,2520000.0
Serbia,1999,2700000.0
Serbia,2000,2950000.0
Serbia,2001,2190000.0
Serbia,2002,2750000.0
Serbia,2003,2590000.0
Serbia,2004,2720000.0
Serbia,2005,2490000.0
Serbia,2006,2880000.0
Serbia,2007,2980000.0
Serbia,2008,3190000.0
Serbia,2009,3140000.0
Serbia,2010,7640000.0
Serbia,2011,7900000.0
Seychelles,1990,10100.0
Seychelles,1991,10100.0
Seychelles,1992,10500.0
Seychelles,1993,10500.0
Seychelles,1994,10500.0
Seychelles,1995,10500.0
Seychelles,1996,10500.0
Seychelles,1997,10500.0
Seychelles,1998,10500.0
Seychelles,1999,10500.0
Seychelles,2000,11900.0
Seychelles,2001,11900.0
Seychelles,2002,11600.0
Seychelles,2003,11600.0
Seychelles,2004,11600.0
Seychelles,2005,12800.0
Seychelles,2006,12800.0
Seychelles,2007,12800.0
Seychelles,2008,12800.0
Seychelles,2009,12800.0
Seychelles,2010,12800.0
Seychelles,2011,12800.0
Sierra Leone,1990,4830000.0
Sierra Leone,1991,4710000.0
Sierra Leone,1992,4680000.0
Sierra Leone,1993,4610000.0
Sierra Leone,1994,4530000.0
Sierra Leone,1995,4730000.0
Sierra Leone,1996,4720000.0
Sierra Leone,1997,5080000.0
Sierra Leone,1998,5200000.0
Sierra Leone,1999,5340000.0
Sierra Leone,2000,5480000.0
Sierra Leone,2001,5490000.0
Sierra Leone,2002,5500000.0
Sierra Leone,2003,5510000.0
Sierra Leone,2004,5530000.0
Sierra Leone,2005,5550000.0
Sierra Leone,2006,5570000.0
Sierra Leone,2007,5600000.0
Sierra Leone,2008,5630000.0
Sierra Leone,2009,5670000.0
Sierra Leone,2010,5710000.0
Sierra Leone,2011,5710000.0
Singapore,1990,
Singapore,1991,
Singapore,1992,
Singapore,1993,
Singapore,1994,
Singapore,1995,
Singapore,1996,
Singapore,1997,
Singapore,1998,
Singapore,1999,
Singapore,2000,
Singapore,2001,
Singapore,2002,
Singapore,2003,
Singapore,2004,
Singapore,2005,
Singapore,2006,
Singapore,2007,
Singapore,2008,
Singapore,2009,
Singapore,2010,
Singapore,2011,32300.0
Slovak Republic,1990,5280000.0
Slovak Republic,1991,4430000.0
Slovak Republic,1992,4050000.0
Slovak Republic,1993,5250000.0
Slovak Republic,1994,5320000.0
Slovak Republic,1995,5320000.0
Slovak Republic,1996,5460000.0
Slovak Republic,1997,4950000.0
Slovak Republic,1998,5520000.0
Slovak Republic,1999,5800000.0
Slovak Republic,2000,6160000.0
Slovak Republic,2001,5790000.0
Slovak Republic,2002,5780000.0
Slovak Republic,2003,6360000.0
Slovak Republic,2004,7240000.0
Slovak Republic,2005,9300000.0
Slovak Republic,2006,7870000.0
Slovak Republic,2007,8130000.0
Slovak Republic,2008,9270000.0
Slovak Republic,2009,9090000.0
Slovak Republic,2010,9600000.0
Slovak Republic,2011,9210000.0
Slovenia,1990,
Slovenia,1991,
Slovenia,1992,1670000.0
Slovenia,1993,1070000.0
Slovenia,1994,1940000.0
Slovenia,1995,1870000.0
Slovenia,1996,1990000.0
Slovenia,1997,2210000.0
Slovenia,1998,2130000.0
Slovenia,1999,2070000.0
Slovenia,2000,2250000.0
Slovenia,2001,2260000.0
Slovenia,2002,2280000.0
Slovenia,2003,2590000.0
Slovenia,2004,2550000.0
Slovenia,2005,2730000.0
Slovenia,2006,3180000.0
Slovenia,2007,2880000.0
Slovenia,2008,2990000.0
Slovenia,2009,2930000.0
Slovenia,2010,2950000.0
Slovenia,2011,3390000.0
Solomon Islands,1990,580000.0
Solomon Islands,1991,474000.0
Solomon Islands,1992,778000.0
Solomon Islands,1993,685000.0
Solomon Islands,1994,766000.0
Solomon Islands,1995,872000.0
Solomon Islands,1996,1000000.0
Solomon Islands,1997,818000.0
Solomon Islands,1998,772000.0
Solomon Islands,1999,790000.0
Solomon Islands,2000,704000.0
Solomon Islands,2001,692000.0
Solomon Islands,2002,718000.0
Solomon Islands,2003,882000.0
Solomon Islands,2004,1210000.0
Solomon Islands,2005,1290000.0
Solomon Islands,2006,1240000.0
Solomon Islands,2007,1600000.0
Solomon Islands,2008,1680000.0
Solomon Islands,2009,1200000.0
Solomon Islands,2010,1590000.0
Solomon Islands,2011,2100000.0
Somalia,1990,6370000.0
Somalia,1991,6580000.0
Somalia,1992,7060000.0
Somalia,1993,7200000.0
Somalia,1994,7390000.0
Somalia,1995,7640000.0
Somalia,1996,7960000.0
Somalia,1997,8350000.0
Somalia,1998,8640000.0
Somalia,1999,8980000.0
Somalia,2000,9340000.0
Somalia,2001,9780000.0
Somalia,2002,10100000.0
Somalia,2003,10700000.0
Somalia,2004,11000000.0
Somalia,2005,11300000.0
Somalia,2006,11900000.0
Somalia,2007,11900000.0
Somalia,2008,12700000.0
Somalia,2009,13200000.0
Somalia,2010,13600000.0
Somalia,2011,14100000.0
South Africa,1990,28200000.0
South Africa,1991,28500000.0
South Africa,1992,27900000.0
South Africa,1993,28200000.0
South Africa,1994,30500000.0
South Africa,1995,31000000.0
South Africa,1996,32100000.0
South Africa,1997,33000000.0
South Africa,1998,30600000.0
South Africa,1999,29500000.0
South Africa,2000,31000000.0
South Africa,2001,30600000.0
South Africa,2002,30600000.0
South Africa,2003,33200000.0
South Africa,2004,33800000.0
South Africa,2005,34600000.0
South Africa,2006,34800000.0
South Africa,2007,31500000.0
South Africa,2008,31900000.0
South Africa,2009,30900000.0
South Africa,2010,30900000.0
South Africa,2011,30900000.0
South Korea,1990,1520000.0
South Korea,1991,1560000.0
South Korea,1992,1350000.0
South Korea,1993,1350000.0
South Korea,1994,1310000.0
South Korea,1995,1170000.0
South Korea,1996,1280000.0
South Korea,1997,1160000.0
South Korea,1998,1570000.0
South Korea,1999,1850000.0
South Korea,2000,1860000.0
South Korea,2001,1790000.0
South Korea,2002,1850000.0
South Korea,2003,2050000.0
South Korea,2004,2250000.0
South Korea,2005,2620000.0
South Korea,2006,2680000.0
South Korea,2007,2940000.0
South Korea,2008,2920000.0
South Korea,2009,3430000.0
South Korea,2010,3840000.0
South Korea,2011,4350000.0
South Sudan,1990,
South Sudan,1991,
South Sudan,1992,
South Sudan,1993,
South Sudan,1994,
South Sudan,1995,
South Sudan,1996,
South Sudan,1997,
South Sudan,1998,
South Sudan,1999,
South Sudan,2000,
South Sudan,2001,
South Sudan,2002,
South Sudan,2003,
South Sudan,2004,
South Sudan,2005,
South Sudan,2006,
South Sudan,2007,
South Sudan,2008,
South Sudan,2009,
South Sudan,2010,
South Sudan,2011,4380000.0
Spain,1990,15600000.0
Spain,1991,15200000.0
Spain,1992,13900000.0
Spain,1993,13800000.0
Spain,1994,15300000.0
Spain,1995,16100000.0
Spain,1996,15600000.0
Spain,1997,15600000.0
Spain,1998,14900000.0
Spain,1999,14800000.0
Spain,2000,14300000.0
Spain,2001,15100000.0
Spain,2002,15800000.0
Spain,2003,16100000.0
Spain,2004,16300000.0
Spain,2005,15500000.0
Spain,2006,15700000.0
Spain,2007,14500000.0
Spain,2008,17000000.0
Spain,2009,14000000.0
Spain,2010,16100000.0
Spain,2011,15400000.0
Sri Lanka,1990,7010000.0
Sri Lanka,1991,9860000.0
Sri Lanka,1992,9660000.0
Sri Lanka,1993,9900000.0
Sri Lanka,1994,10200000.0
Sri Lanka,1995,10400000.0
Sri Lanka,1996,10400000.0
Sri Lanka,1997,6760000.0
Sri Lanka,1998,6640000.0
Sri Lanka,1999,6590000.0
Sri Lanka,2000,6580000.0
Sri Lanka,2001,6530000.0
Sri Lanka,2002,6470000.0
Sri Lanka,2003,6400000.0
Sri Lanka,2004,6340000.0
Sri Lanka,2005,6280000.0
Sri Lanka,2006,6280000.0
Sri Lanka,2007,6130000.0
Sri Lanka,2008,5970000.0
Sri Lanka,2009,5890000.0
Sri Lanka,2010,5820000.0
Sri Lanka,2011,5820000.0
St. Lucia,1990,8980.0
St. Lucia,1991,9040.0
St. Lucia,1992,9070.0
St. Lucia,1993,8730.0
St. Lucia,1994,8850.0
St. Lucia,1995,8860.0
St. Lucia,1996,8970.0
St. Lucia,1997,9070.0
St. Lucia,1998,9080.0
St. Lucia,1999,9120.0
St. Lucia,2000,9420.0
St. Lucia,2001,9470.0
St. Lucia,2002,9520.0
St. Lucia,2003,9570.0
St. Lucia,2004,9620.0
St. Lucia,2005,9670.0
St. Lucia,2006,9700.0
St. Lucia,2007,9740.0
St. Lucia,2008,9780.0
St. Lucia,2009,9810.0
St. Lucia,2010,9850.0
St. Lucia,2011,9860.0
St. Vincent and the Grenadines,1990,9200.0
St. Vincent and the Grenadines,1991,9100.0
St. Vincent and the Grenadines,1992,9000.0
St. Vincent and the Grenadines,1993,8900.0
St. Vincent and the Grenadines,1994,8500.0
St. Vincent and the Grenadines,1995,8400.0
St. Vincent and the Grenadines,1996,8400.0
St. Vincent and the Grenadines,1997,8600.0
St. Vincent and the Grenadines,1998,8400.0
St. Vincent and the Grenadines,1999,8300.0
St. Vincent and the Grenadines,2000,8200.0
St. Vincent and the Grenadines,2001,8100.0
St. Vincent and the Grenadines,2002,8000.0
St. Vincent and the Grenadines,2003,7900.0
St. Vincent and the Grenadines,2004,7800.0
St. Vincent and the Grenadines,2005,7700.0
St. Vincent and the Grenadines,2006,7600.0
St. Vincent and the Grenadines,2007,7600.0
St. Vincent and the Grenadines,2008,7500.0
St. Vincent and the Grenadines,2009,7500.0
St. Vincent and the Grenadines,2010,7400.0
St. Vincent and the Grenadines,2011,7400.0
Suriname,1990,116000.0
Suriname,1991,107000.0
Suriname,1992,122000.0
Suriname,1993,98200.0
Suriname,1994,101000.0
Suriname,1995,109000.0
Suriname,1996,214000.0
Suriname,1997,183000.0
Suriname,1998,145000.0
Suriname,1999,93900.0
Suriname,2000,177000.0
Suriname,2001,163000.0
Suriname,2002,154000.0
Suriname,2003,158000.0
Suriname,2004,160000.0
Suriname,2005,183000.0
Suriname,2006,193000.0
Suriname,2007,167000.0
Suriname,2008,198000.0
Suriname,2009,207000.0
Suriname,2010,247000.0
Suriname,2011,366000.0
Swaziland,1990,1680000.0
Swaziland,1991,1700000.0
Swaziland,1992,1720000.0
Swaziland,1993,1700000.0
Swaziland,1994,1720000.0
Swaziland,1995,1730000.0
Swaziland,1996,1750000.0
Swaziland,1997,1760000.0
Swaziland,1998,1180000.0
Swaziland,1999,1200000.0
Swaziland,2000,1210000.0
Swaziland,2001,1230000.0
Swaziland,2002,1250000.0
Swaziland,2003,1270000.0
Swaziland,2004,1290000.0
Swaziland,2005,1310000.0
Swaziland,2006,1330000.0
Swaziland,2007,1340000.0
Swaziland,2008,1360000.0
Swaziland,2009,1380000.0
Swaziland,2010,1390000.0
Swaziland,2011,1390000.0
Sweden,1990,52900000.0
Sweden,1991,51400000.0
Sweden,1992,53500000.0
Sweden,1993,54000000.0
Sweden,1994,56300000.0
Sweden,1995,63600000.0
Sweden,1996,56300000.0
Sweden,1997,60200000.0
Sweden,1998,60600000.0
Sweden,1999,58700000.0
Sweden,2000,63300000.0
Sweden,2001,63200000.0
Sweden,2002,66600000.0
Sweden,2003,67100000.0
Sweden,2004,67300000.0
Sweden,2005,98200000.0
Sweden,2006,64600000.0
Sweden,2007,78200000.0
Sweden,2008,70800000.0
Sweden,2009,65100000.0
Sweden,2010,72200000.0
Sweden,2011,72100000.0
Switzerland,1990,6330000.0
Switzerland,1991,4610000.0
Switzerland,1992,4550000.0
Switzerland,1993,4410000.0
Switzerland,1994,4680000.0
Switzerland,1995,4750000.0
Switzerland,1996,4060000.0
Switzerland,1997,4490000.0
Switzerland,1998,4280000.0
Switzerland,1999,4740000.0
Switzerland,2000,9240000.0
Switzerland,2001,5660000.0
Switzerland,2002,4560000.0
Switzerland,2003,5120000.0
Switzerland,2004,5130000.0
Switzerland,2005,5280000.0
Switzerland,2006,5700000.0
Switzerland,2007,5520000.0
Switzerland,2008,4950000.0
Switzerland,2009,4700000.0
Switzerland,2010,4940000.0
Switzerland,2011,4860000.0
Syria,1990,49600.0
Syria,1991,80800.0
Syria,1992,77700.0
Syria,1993,50400.0
Syria,1994,50400.0
Syria,1995,50400.0
Syria,1996,50400.0
Syria,1997,50400.0
Syria,1998,50400.0
Syria,1999,50400.0
Syria,2000,50400.0
Syria,2001,50400.0
Syria,2002,50400.0
Syria,2003,58100.0
Syria,2004,58100.0
Syria,2005,58100.0
Syria,2006,64400.0
Syria,2007,65200.0
Syria,2008,66100.0
Syria,2009,67000.0
Syria,2010,67900.0
Syria,2011,68100.0
Tajikistan,1990,
Tajikistan,1991,
Tajikistan,1992,
Tajikistan,1993,
Tajikistan,1994,
Tajikistan,1995,
Tajikistan,1996,
Tajikistan,1997,
Tajikistan,1998,
Tajikistan,1999,
Tajikistan,2000,
Tajikistan,2001,
Tajikistan,2002,
Tajikistan,2003,
Tajikistan,2004,90000.0
Tajikistan,2005,90000.0
Tajikistan,2006,90000.0
Tajikistan,2007,90000.0
Tajikistan,2008,90000.0
Tajikistan,2009,90000.0
Tajikistan,2010,90000.0
Tajikistan,2011,90000.0
Tanzania,1990,20500000.0
Tanzania,1991,20900000.0
Tanzania,1992,21700000.0
Tanzania,1993,22000000.0
Tanzania,1994,22300000.0
Tanzania,1995,22600000.0
Tanzania,1996,22800000.0
Tanzania,1997,22900000.0
Tanzania,1998,23000000.0
Tanzania,1999,23100000.0
Tanzania,2000,23100000.0
Tanzania,2001,23300000.0
Tanzania,2002,23400000.0
Tanzania,2003,23600000.0
Tanzania,2004,23800000.0
Tanzania,2005,24000000.0
Tanzania,2006,24200000.0
Tanzania,2007,24400000.0
Tanzania,2008,24700000.0
Tanzania,2009,24900000.0
Tanzania,2010,25100000.0
Tanzania,2011,25100000.0
Timor-Leste,1990,
Timor-Leste,1991,
Timor-Leste,1992,
Timor-Leste,1993,223000.0
Timor-Leste,1994,212000.0
Timor-Leste,1995,202000.0
Timor-Leste,1996,193000.0
Timor-Leste,1997,188000.0
Timor-Leste,1998,185000.0
Timor-Leste,1999,182000.0
Timor-Leste,2000,179000.0
Timor-Leste,2001,172000.0
Timor-Leste,2002,166000.0
Timor-Leste,2003,160000.0
Timor-Leste,2004,154000.0
Timor-Leste,2005,148000.0
Timor-Leste,2006,142000.0
Timor-Leste,2007,136000.0
Timor-Leste,2008,131000.0
Timor-Leste,2009,125000.0
Timor-Leste,2010,120000.0
Timor-Leste,2011,120000.0
Togo,1990,4770000.0
Togo,1991,4900000.0
Togo,1992,5060000.0
Togo,1993,5340000.0
Togo,1994,5390000.0
Togo,1995,5460000.0
Togo,1996,5490000.0
Togo,1997,5630000.0
Togo,1998,5650000.0
Togo,1999,5740000.0
Togo,2000,5810000.0
Togo,2001,5780000.0
Togo,2002,5810000.0
Togo,2003,5890000.0
Togo,2004,4680000.0
Togo,2005,4590000.0
Togo,2006,4590000.0
Togo,2007,4590000.0
Togo,2008,4590000.0
Togo,2009,4590000.0
Togo,2010,4590000.0
Togo,2011,4590000.0
Tonga,1990,4470.0
Tonga,1991,4470.0
Tonga,1992,4470.0
Tonga,1993,4460.0
Tonga,1994,4460.0
Tonga,1995,4460.0
Tonga,1996,4480.0
Tonga,1997,3930.0
Tonga,1998,4300.0
Tonga,1999,2610.0
Tonga,2000,3710.0
Tonga,2001,3700.0
Tonga,2002,3700.0
Tonga,2003,3690.0
Tonga,2004,3680.0
Tonga,2005,3380.0
Tonga,2006,4170.0
Tonga,2007,4160.0
Tonga,2008,4150.0
Tonga,2009,4140.0
Tonga,2010,4130.0
Tonga,2011,4130.0
Trinidad and Tobago,1990,90000.0
Trinidad and Tobago,1991,85500.0
Trinidad and Tobago,1992,95600.0
Trinidad and Tobago,1993,91300.0
Trinidad and Tobago,1994,122000.0
Trinidad and Tobago,1995,156000.0
Trinidad and Tobago,1996,97700.0
Trinidad and Tobago,1997,111000.0
Trinidad and Tobago,1998,72200.0
Trinidad and Tobago,1999,70800.0
Trinidad and Tobago,2000,109000.0
Trinidad and Tobago,2001,102000.0
Trinidad and Tobago,2002,92700.0
Trinidad and Tobago,2003,95300.0
Trinidad and Tobago,2004,85900.0
Trinidad and Tobago,2005,99500.0
Trinidad and Tobago,2006,99100.0
Trinidad and Tobago,2007,98800.0
Trinidad and Tobago,2008,80400.0
Trinidad and Tobago,2009,80100.0
Trinidad and Tobago,2010,79800.0
Trinidad and Tobago,2011,79500.0
Tunisia,1990,260000.0
Tunisia,1991,213000.0
Tunisia,1992,149000.0
Tunisia,1993,233000.0
Tunisia,1994,324000.0
Tunisia,1995,153000.0
Tunisia,1996,110000.0
Tunisia,1997,371000.0
Tunisia,1998,171000.0
Tunisia,1999,262000.0
Tunisia,2000,262000.0
Tunisia,2001,233000.0
Tunisia,2002,333000.0
Tunisia,2003,247000.0
Tunisia,2004,206000.0
Tunisia,2005,249000.0
Tunisia,2006,190000.0
Tunisia,2007,145000.0
Tunisia,2008,334000.0
Tunisia,2009,210000.0
Tunisia,2010,170000.0
Tunisia,2011,13800.0
Turkey,1990,15800000.0
Turkey,1991,15300000.0
Turkey,1992,17000000.0
Turkey,1993,18900000.0
Turkey,1994,16800000.0
Turkey,1995,19300000.0
Turkey,1996,19400000.0
Turkey,1997,18100000.0
Turkey,1998,17700000.0
Turkey,1999,16600000.0
Turkey,2000,15900000.0
Turkey,2001,15300000.0
Turkey,2002,16100000.0
Turkey,2003,15800000.0
Turkey,2004,16500000.0
Turkey,2005,16200000.0
Turkey,2006,18100000.0
Turkey,2007,18300000.0
Turkey,2008,19400000.0
Turkey,2009,19300000.0
Turkey,2010,20600000.0
Turkey,2011,21000000.0
Turkmenistan,1990,
Turkmenistan,1991,
Turkmenistan,1992,
Turkmenistan,1993,
Turkmenistan,1994,
Turkmenistan,1995,
Turkmenistan,1996,
Turkmenistan,1997,
Turkmenistan,1998,2500.0
Turkmenistan,1999,2500.0
Turkmenistan,2000,2500.0
Turkmenistan,2001,2500.0
Turkmenistan,2002,3400.0
Turkmenistan,2003,3400.0
Turkmenistan,2004,3400.0
Turkmenistan,2005,3400.0
Turkmenistan,2006,10000.0
Turkmenistan,2007,10000.0
Turkmenistan,2008,10000.0
Turkmenistan,2009,10000.0
Turkmenistan,2010,10000.0
Turkmenistan,2011,10000.0
Uganda,1990,31000000.0
Uganda,1991,31700000.0
Uganda,1992,32700000.0
Uganda,1993,33400000.0
Uganda,1994,34400000.0
Uganda,1995,34900000.0
Uganda,1996,35400000.0
Uganda,1997,36000000.0
Uganda,1998,36400000.0
Uganda,1999,36900000.0
Uganda,2000,37300000.0
Uganda,2001,37800000.0
Uganda,2002,38300000.0
Uganda,2003,38900000.0
Uganda,2004,39500000.0
Uganda,2005,40100000.0
Uganda,2006,40700000.0
Uganda,2007,41700000.0
Uganda,2008,42400000.0
Uganda,2009,43000000.0
Uganda,2010,43700000.0
Uganda,2011,43700000.0
Ukraine,1990,
Ukraine,1991,
Ukraine,1992,
Ukraine,1993,
Ukraine,1994,
Ukraine,1995,6320000.0
Ukraine,1996,6250000.0
Ukraine,1997,6050000.0
Ukraine,1998,8450000.0
Ukraine,1999,7920000.0
Ukraine,2000,9860000.0
Ukraine,2001,9890000.0
Ukraine,2002,12300000.0
Ukraine,2003,13800000.0
Ukraine,2004,14900000.0
Ukraine,2005,14600000.0
Ukraine,2006,15800000.0
Ukraine,2007,16900000.0
Ukraine,2008,16900000.0
Ukraine,2009,14200000.0
Ukraine,2010,16100000.0
Ukraine,2011,17500000.0
United Arab Emirates,1990,11600.0
United Arab Emirates,1991,12100.0
United Arab Emirates,1992,12500.0
United Arab Emirates,1993,13000.0
United Arab Emirates,1994,12300.0
United Arab Emirates,1995,12700.0
United Arab Emirates,1996,13200.0
United Arab Emirates,1997,13500.0
United Arab Emirates,1998,14900.0
United Arab Emirates,1999,15300.0
United Arab Emirates,2000,15700.0
United Arab Emirates,2001,15900.0
United Arab Emirates,2002,16200.0
United Arab Emirates,2003,16500.0
United Arab Emirates,2004,16700.0
United Arab Emirates,2005,17000.0
United Arab Emirates,2006,17200.0
United Arab Emirates,2007,17400.0
United Arab Emirates,2008,17600.0
United Arab Emirates,2009,17800.0
United Arab Emirates,2010,18000.0
United Arab Emirates,2011,18000.0
United Kingdom,1990,6350000.0
United Kingdom,1991,6370000.0
United Kingdom,1992,6410000.0
United Kingdom,1993,6710000.0
United Kingdom,1994,7920000.0
United Kingdom,1995,8150000.0
United Kingdom,1996,7500000.0
United Kingdom,1997,7840000.0
United Kingdom,1998,7600000.0
United Kingdom,1999,7780000.0
United Kingdom,2000,7790000.0
United Kingdom,2001,7880000.0
United Kingdom,2002,7790000.0
United Kingdom,2003,8070000.0
United Kingdom,2004,8330000.0
United Kingdom,2005,8520000.0
United Kingdom,2006,8420000.0
United Kingdom,2007,9020000.0
United Kingdom,2008,8420000.0
United Kingdom,2009,8620000.0
United Kingdom,2010,9720000.0
United Kingdom,2011,10000000.0
United States,1990,509000000.0
United States,1991,491000000.0
United States,1992,484000000.0
United States,1993,471000000.0
United States,1994,473000000.0
United States,1995,470000000.0
United States,1996,461000000.0
United States,1997,464000000.0
United States,1998,470000000.0
United States,1999,469000000.0
United States,2000,467000000.0
United States,2001,449000000.0
United States,2002,448000000.0
United States,2003,449000000.0
United States,2004,462000000.0
United States,2005,467000000.0
United States,2006,457000000.0
United States,2007,425000000.0
United States,2008,381000000.0
United States,2009,333000000.0
United States,2010,324000000.0
United States,2011,324000000.0
Uruguay,1990,3910000.0
Uruguay,1991,4020000.0
Uruguay,1992,4200000.0
Uruguay,1993,4420000.0
Uruguay,1994,4480000.0
Uruguay,1995,4550000.0
Uruguay,1996,4740000.0
Uruguay,1997,5020000.0
Uruguay,1998,5180000.0
Uruguay,1999,5060000.0
Uruguay,2000,2930000.0
Uruguay,2001,2990000.0
Uruguay,2002,3440000.0
Uruguay,2003,3740000.0
Uruguay,2004,5080000.0
Uruguay,2005,5700000.0
Uruguay,2006,6370000.0
Uruguay,2007,7170000.0
Uruguay,2008,9450000.0
Uruguay,2009,8390000.0
Uruguay,2010,11900000.0
Uruguay,2011,11900000.0
Uzbekistan,1990,
Uzbekistan,1991,
Uzbekistan,1992,
Uzbekistan,1993,
Uzbekistan,1994,
Uzbekistan,1995,
Uzbekistan,1996,
Uzbekistan,1997,
Uzbekistan,1998,33200.0
Uzbekistan,1999,25000.0
Uzbekistan,2000,28900.0
Uzbekistan,2001,33000.0
Uzbekistan,2002,32100.0
Uzbekistan,2003,28000.0
Uzbekistan,2004,26700.0
Uzbekistan,2005,29000.0
Uzbekistan,2006,31000.0
Uzbekistan,2007,32000.0
Uzbekistan,2008,30000.0
Uzbekistan,2009,30000.0
Uzbekistan,2010,30000.0
Uzbekistan,2011,30000.0
Vanuatu,1990,63200.0
Vanuatu,1991,63200.0
Vanuatu,1992,63200.0
Vanuatu,1993,63200.0
Vanuatu,1994,63200.0
Vanuatu,1995,63200.0
Vanuatu,1996,63200.0
Vanuatu,1997,63200.0
Vanuatu,1998,57800.0
Vanuatu,1999,132000.0
Vanuatu,2000,131000.0
Vanuatu,2001,119000.0
Vanuatu,2002,119000.0
Vanuatu,2003,119000.0
Vanuatu,2004,119000.0
Vanuatu,2005,119000.0
Vanuatu,2006,119000.0
Vanuatu,2007,119000.0
Vanuatu,2008,119000.0
Vanuatu,2009,119000.0
Vanuatu,2010,119000.0
Vanuatu,2011,119000.0
Venezuela,1990,
Venezuela,1991,
Venezuela,1992,
Venezuela,1993,
Venezuela,1994,
Venezuela,1995,
Venezuela,1996,
Venezuela,1997,
Venezuela,1998,831000.0
Venezuela,1999,1280000.0
Venezuela,2000,964000.0
Venezuela,2001,778000.0
Venezuela,2002,1310000.0
Venezuela,2003,1180000.0
Venezuela,2004,1210000.0
Venezuela,2005,1090000.0
Venezuela,2006,1520000.0
Venezuela,2007,1730000.0
Venezuela,2008,1500000.0
Venezuela,2009,981000.0
Venezuela,2010,708000.0
Venezuela,2011,
Vietnam,1990,31200000.0
Vietnam,1991,31600000.0
Vietnam,1992,31200000.0
Vietnam,1993,31200000.0
Vietnam,1994,31200000.0
Vietnam,1995,31600000.0
Vietnam,1996,31600000.0
Vietnam,1997,31300000.0
Vietnam,1998,31000000.0
Vietnam,1999,30200000.0
Vietnam,2000,30900000.0
Vietnam,2001,30800000.0
Vietnam,2002,30700000.0
Vietnam,2003,26400000.0
Vietnam,2004,26500000.0
Vietnam,2005,26000000.0
Vietnam,2006,26100000.0
Vietnam,2007,27500000.0
Vietnam,2008,27900000.0
Vietnam,2009,27900000.0
Vietnam,2010,28200000.0
Vietnam,2011,27100000.0
Yemen,1990,173000.0
Yemen,1991,187000.0
Yemen,1992,203000.0
Yemen,1993,216000.0
Yemen,1994,233000.0
Yemen,1995,248000.0
Yemen,1996,258000.0
Yemen,1997,269000.0
Yemen,1998,278000.0
Yemen,1999,290000.0
Yemen,2000,302000.0
Yemen,2001,314000.0
Yemen,2002,326000.0
Yemen,2003,339000.0
Yemen,2004,353000.0
Yemen,2005,367000.0
Yemen,2006,381000.0
Yemen,2007,395000.0
Yemen,2008,410000.0
Yemen,2009,425000.0
Yemen,2010,441000.0
Yemen,2011,456000.0
Zambia,1990,7120000.0
Zambia,1991,7320000.0
Zambia,1992,7520000.0
Zambia,1993,7730000.0
Zambia,1994,8110000.0
Zambia,1995,8210000.0
Zambia,1996,8180000.0
Zambia,1997,8240000.0
Zambia,1998,8380000.0
Zambia,1999,8520000.0
Zambia,2000,8380000.0
Zambia,2001,8230000.0
Zambia,2002,8520000.0
Zambia,2003,8820000.0
Zambia,2004,9170000.0
Zambia,2005,9440000.0
Zambia,2006,9900000.0
Zambia,2007,10000000.0
Zambia,2008,10200000.0
Zambia,2009,10300000.0
Zambia,2010,10400000.0
Zambia,2011,10400000.0
Zimbabwe,1990,6900000.0
Zimbabwe,1991,6970000.0
Zimbabwe,1992,6980000.0
Zimbabwe,1993,7000000.0
Zimbabwe,1994,8140000.0
Zimbabwe,1995,8390000.0
Zimbabwe,1996,8640000.0
Zimbabwe,1997,8910000.0
Zimbabwe,1998,8990000.0
Zimbabwe,1999,9250000.0
Zimbabwe,2000,9090000.0
Zimbabwe,2001,9110000.0
Zimbabwe,2002,9110000.0
Zimbabwe,2003,9110000.0
Zimbabwe,2004,9090000.0
Zimbabwe,2005,8940000.0
Zimbabwe,2006,9150000.0
Zimbabwe,2007,9200000.0
Zimbabwe,2008,9200000.0
Zimbabwe,2009,9260000.0
Zimbabwe,2010,9230000.0
Zimbabwe,2011,9230000.0
